CustomerID,Score
0002-ORFBO,2
0003-MKNFE,3
0013-MHZWF,3
0013-SMEOE,2
0014-BMAQU,1
0015-UOCOJ,5
0016-QLJIS,1
0017-DINOC,1
0017-IUDMW,1
0018-NYROU,5
0019-EFAEP,1
0019-GFNTW,1
0020-INWCK,1
0020-JDNXP,1
0021-IKXGC,9
0023-UYUPN,1
0027-KWYKW,2
0030-FNXPP,2
0036-IHMOT,1
0040-HALCW,1
0042-JVWOJ,1
0042-RLHYP,1
0048-LUMLS,1
0048-PIHNL,1
0052-DCKON,3
0052-YNYOT,1
0056-EPFBG,1
0057-QBUQH,1
0058-EVZWM,4
0060-FUALY,4
0064-SUDOG,1
0064-YIJGF,2
0068-FIGTF,2
0071-NDAFP,1
0074-HDKDG,2
0076-LVEPS,2
0078-XZMHT,1
0080-EMYVY,2
0080-OROZO,3
0082-LDZUE,6
0082-OQIQY,6
0083-PIVIK,2
0089-IIQKO,2
0093-EXYQL,5
0096-BXERS,5
0096-FCPUF,2
0098-BOWSO,2
0100-DUVFC,3
0103-CSITQ,3
0104-PPXDV,1
0106-GHRQR,5
0106-UGRDO,2
0111-KLBQG,2
0112-QAWRZ,2
0114-IGABW,1
0114-PEGZZ,5
0114-RSRRW,2
0118-JPNOY,5
0121-SNYRK,2
0123-CRBRT,1
0128-MKWSG,2
0129-KPTWJ,4
0129-QMPDR,1
0130-SXOUN,3
0134-XWXCE,1
0136-IFMYD,2
0139-IVFJG,6
0141-YEAYS,5
0142-GVYSN,2
0147-ESWWR,6
0164-APGRB,2
0164-XAIRP,1
0168-XZKBB,6
0174-QRVVY,1
0177-PXBAT,4
0178-CIIKR,2
0178-SZBHO,2
0181-RITDD,1
0186-CAERR,2
0187-QSXOE,8
0187-WZNAB,2
0188-GWFLE,2
0191-EQUUH,1
0191-ZHSKZ,4
0196-JTUQI,6
0197-PNKNK,1
0201-MIBOL,2
0206-OYVOC,1
0206-TBWLC,3
0208-BPQEJ,2
0212-ISBBF,3
0214-JHPFW,1
0215-BQKGS,4
0218-QNVAS,1
0219-QAERP,1
0221-NAUXK,1
0221-WMXNQ,6
0222-CNVPT,3
0224-NIJLP,1
0224-RLWWD,6
0225-ZORZP,7
0228-MAUWC,3
0229-LFJAF,1
0230-UBYPQ,1
0230-WEQUW,1
0233-FTHAV,1
0234-TEVTT,1
0237-YFUTL,4
0238-WHBIQ,1
0239-OXEXL,4
0244-LGNFY,1
0247-SLUJI,3
0248-IPDFW,7
0248-PGHBZ,1
0253-ZTEOB,1
0254-FNMCI,2
0254-KCJGT,2
0254-WWRKD,1
0257-KXZGU,1
0258-NOKBL,6
0263-FJTQO,1
0264-CNITK,1
0265-PSUAE,2
0266-CLZKZ,1
0266-GMEAO,1
0269-XFESX,1
0270-THENM,1
0274-JKUJR,3
0277-BKSQP,3
0277-ORXQS,1
0281-CNTZX,1
0282-NVSJS,3
0285-INHLN,2
0289-IVARM,3
0292-WEGCH,2
0295-QVKPB,4
0297-RBCSG,2
0298-XACET,1
0301-FIDRB,1
0301-KOBTQ,1
0303-UNCIP,1
0303-WMMRN,2
0305-SQECB,1
0307-BCOPK,1
0308-GIQJT,2
0308-IVGOK,2
0310-SUCIN,1
0310-VQXAM,2
0311-QYWSS,5
0314-TKOSI,3
0315-LVCRK,6
0318-ZOPWS,1
0319-QZTCO,3
0320-DWVTU,2
0323-XWWTN,1
0326-VDYXE,3
0327-WFZSY,1
0330-BGYZE,2
0334-ZFJSR,1
0336-KXKFK,1
0336-PIKEI,1
0343-QLUZP,1
0345-XMMUG,3
0347-UBKUZ,2
0354-VXMJC,1
0356-ERHVT,4
0356-OBMAC,2
0357-NVCRI,1
0361-HJRDX,1
0362-RAOQO,1
0363-SVHYR,1
0365-BZUWY,7
0365-GXEZS,4
0365-TRTPY,3
0366-NQSHS,2
0369-ZGOVK,1
0373-AIVNJ,1
0374-AACSZ,6
0374-FIUCA,1
0374-IOEGQ,5
0376-OIWME,5
0377-JBKKT,2
0378-CJKPV,1
0379-DJQHR,1
0380-NEAVX,3
0380-ZCSBI,2
0383-CLDDA,1
0384-LPITE,1
0384-RVBPI,2
0386-CWRGM,1
0392-BZIUW,1
0394-YONDK,1
0396-HUJBP,2
0396-UKGAI,2
0396-YCHWO,6
0397-ZXWQF,1
0401-WDBXM,1
0402-OAMEN,1
0404-AHASP,1
0409-WTMPL,3
0410-IPFTY,5
0411-EZJZE,5
0412-UCCNP,1
0419-YAAPX,4
0420-HLGXF,6
0420-TXVSG,1
0422-OHQHQ,1
0422-UXFAP,3
0423-UDIJQ,4
0428-AXXLJ,1
0428-IKYCP,5
0430-IHCDJ,5
0432-CAJZV,6
0434-CSFON,6
0436-TWFFZ,1
0439-IFYUN,5
0440-EKDCF,1
0440-MOGPM,2
0440-QEXBZ,3
0440-UEDAI,2
0442-TDYUO,1
0442-ZXKVS,3
0447-RXSGD,6
0454-OKRCT,1
0455-ENTCR,1
0455-XFASS,4
0458-HEUZG,1
0459-SPZHJ,1
0463-TXOAK,1
0463-WZZKO,3
0463-ZSDNT,4
0464-WJTKO,1
0468-YRPXN,5
0471-ARVMX,4
0479-HMSWA,1
0480-BIXDE,7
0480-KYJVA,1
0481-SUMCB,3
0484-FFVBJ,2
0484-JPBRU,2
0485-ZBSLN,1
0486-LGCCH,1
0487-CRLZF,1
0487-RPVUM,4
0487-VVUVK,2
0489-WMEMG,1
0491-KAPQG,5
0496-AHOOK,2
0505-SPOOW,1
0506-YLVKJ,1
0508-OOLTO,4
0508-SQWPL,1
0512-FLFDW,2
0513-RBGPE,1
0516-OOHAR,1
0516-QREYC,2
0516-UXRMT,2
0519-DRGTI,1
0523-VNGTF,3
0526-SXDJP,1
0530-IJVDB,1
0531-XBKMM,1
0531-ZZJWQ,4
0533-UCAAU,1
0536-ACXIP,2
0536-BGFMZ,1
0536-ESJEP,1
0537-QYZZN,2
0541-FITGH,5
0547-HURJB,1
0549-CYCQN,2
0550-DCXLH,5
0556-FJEGU,1
0557-ASKVU,2
0559-CKHUS,1
0562-FGDCR,1
0562-HKHML,1
0562-KBDVM,1
0564-MUUQK,2
0565-JUPYD,3
0567-GGCAC,4
0567-XRHCU,1
0570-BFQHT,6
0572-ZJKLT,1
0575-CUQOV,3
0577-WHMEV,5
0580-PIQHM,1
0581-BXBUB,6
0581-MDMPW,4
0582-AVCLN,1
0584-BJQGZ,4
0585-EGDDA,5
0594-UFTUL,2
0595-ITUDF,2
0599-XNYDO,4
0602-DDUML,1
0603-OLQDC,3
0603-TPMIB,1
0604-THJFP,1
0607-MVMGC,1
0608-JDVEC,1
0613-WUXUM,1
0619-OLYUR,2
0620-DLSLK,6
0620-XEFWH,2
0621-CXBKL,1
0621-HJWXJ,3
0621-JFHOL,2
0621-TSSMU,1
0623-EJQEG,2
0623-GDISB,6
0625-AFOHS,1
0626-QXNGV,1
0635-WKOLD,1
0640-YJTPY,1
0641-EVBOJ,6
0644-OQMDK,7
0650-BWOZN,5
0654-PQKDW,1
0655-YDGFJ,2
0657-DOGUM,1
0661-KBKPA,1
0661-KQHNK,1
0661-WCQNQ,2
0665-XHDJU,2
0666-UXTJO,5
0667-NSRGI,2
0668-OGMHD,3
0670-ANMUU,2
0670-KDOMA,4
0673-IGUQO,4
0674-DGMAQ,5
0674-EYYZV,6
0674-GCDXG,1
0675-NCDYU,1
0678-RLHVP,2
0679-TDGAK,1
0682-USIXD,6
0689-DSXGL,1
0690-SRQID,2
0691-NIKRI,3
0696-UKTOX,2
0699-NDKJM,3
0701-RFGFI,2
0701-TJSEF,4
0704-VCUMB,1
0707-HOVVN,1
0708-LGSMF,4
0708-SJDIS,2
0716-BQNDX,2
0722-SVSFK,8
0723-FDLAY,2
0723-VSOBE,2
0725-CXOTM,2
0727-BNRLG,1
0730-BGQGF,1
0730-KOAVE,4
0731-EBJQB,1
0732-OCQOC,1
0734-OXWBT,3
0739-UUAJR,1
0742-LAFQK,2
0743-HNPFG,1
0743-HRVFF,1
0744-BIKKF,1
0744-GKNGE,1
0749-IRGQE,4
0750-EBAIU,2
0750-EKNGL,2
0754-EEBDC,1
0756-MPZRL,1
0757-WCUUZ,1
0769-MURVM,1
0771-CHWSK,1
0771-WLCLA,3
0774-IFUVM,2
0774-RMNUW,1
0780-XNZFN,1
0784-GTUUK,1
0784-ZQJZX,1
0786-IVLAW,3
0787-LHDYT,2
0788-DXBFY,1
0793-TWELN,8
0794-YVSGE,1
0795-GMVQO,3
0795-LAFGP,1
0795-XCCTE,1
0799-DDIHE,3
0804-XBFBV,2
0804-YGEQV,1
0810-BDHAW,2
0810-DHDBD,2
0811-GSDTP,3
0813-TAXXS,1
0815-MFZGM,2
0816-TSPHQ,3
0817-HSUSE,7
0820-FNRNX,2
0822-QGCXA,4
0824-VWDPO,2
0825-CPPQH,1
0827-ITJPH,1
0829-DDVLK,1
0829-XXPLX,4
0831-JNISG,1
0835-DUUIQ,1
0835-JKADZ,2
0839-JTCUD,1
0839-QNXME,1
0840-DCNZE,2
0840-DFEZH,7
0842-IWYCP,2
0847-HGRML,1
0848-SOMKO,1
0848-ZGQIJ,6
0851-DFJKB,4
0853-NWIFK,3
0853-TWRVK,1
0854-UYHZD,1
0856-NAOES,3
0859-YGKFW,1
0862-PRCBS,1
0864-FVJNJ,1
0867-LDTTC,6
0868-VJRDR,2
0869-PAPRP,5
0871-OPBXW,3
0872-CASZJ,2
0872-JCPIB,2
0880-FVFWF,4
0885-HMGPY,1
0887-WBJVH,2
0895-LMRSF,2
0895-LNKRC,1
0895-UADGO,2
0898-XCGTF,2
0899-LIIBW,5
0899-WZRSD,5
0902-RFHOF,1
0902-XKXPN,1
0906-QVPMS,1
0907-HQNTS,2
0909-SDHNU,3
0909-SELIE,1
0913-XWSCN,2
0916-KNFAJ,1
0916-QOFDP,3
0921-OHLVP,4
0924-BJCRC,4
0927-CNGRH,3
0928-JMXNP,5
0928-XUTSN,7
0929-HYQEW,5
0929-PECLO,4
0930-EHUZA,2
0931-MHTEM,3
0932-YIXYU,1
0936-NQLJU,1
0939-EREMR,3
0942-KOWSM,1
0943-ZQPXH,1
0945-TSONX,1
0946-FKYTX,1
0953-LGOVU,2
0956-ACVZC,2
0956-SYCWG,1
0958-YHXGP,6
0959-WHOKV,3
0960-HUWBM,1
0961-ZWLVI,1
0962-CQPWQ,1
0967-BMLBD,1
0969-RGKCU,1
0970-QXPXW,3
0971-QIFJK,1
0973-KYVNF,1
0975-UYDTX,2
0975-VOOVL,4
0979-MOZQI,1
0980-FEXWF,1
0980-PVMRC,2
0983-TATYJ,2
0988-AADSA,1
0988-JRWWP,5
0993-OSGPT,1
0997-YTLNY,2
0999-QXNSA,3
1004-NOZNR,1
1013-QCWAM,5
1015-JPFYW,1
1015-OWJKI,3
1016-DJTSV,6
1017-FBQMM,1
1020-JPQOW,3
1022-RKXDR,1
1023-BQXZE,1
1024-KPRBB,3
1025-FALIX,3
1027-LKKQQ,1
1028-FFNJK,7
1032-MAELW,1
1035-IPQPU,4
1036-GUDCL,1
1038-RQOST,1
1042-HFUCW,1
1043-UXOVO,2
1045-LTCYT,1
1047-NNCBF,4
1047-RNXZV,1
1049-FYSYG,3
1051-EQPZR,1
1051-GEJLJ,2
1052-QJIBV,1
1053-MXTTK,1
1057-FOGLZ,1
1060-ENTOF,3
1061-PNTHC,2
1063-DHQJF,1
1064-FBXNK,1
1069-QJOEE,1
1073-XXCZD,1
1074-AMIOH,2
1074-WVEVG,1
1077-HUUJM,4
1078-TDCRN,6
1080-BWSYE,1
1084-MNSMJ,1
1085-LDWAM,1
1087-GRUYI,1
1088-AUUZZ,1
1088-CNNKB,2
1089-HDMKP,3
1089-XZWHH,1
1090-ESELR,1
1090-PYKCI,1
1091-SOZGA,3
1092-WPIVQ,1
1093-YSWCA,1
1094-BKOSX,1
1095-WGNGG,2
1096-ADRUX,1
1097-FSPVW,2
1098-KFQEC,1
1098-TDVUQ,4
1099-BTKWT,2
1099-GODLO,1
1100-DDVRV,3
1101-SSWAG,5
1104-FEJAM,2
1104-TNLZA,6
1106-HRLKZ,1
1110-KYLGQ,3
1116-DXXDF,3
1116-FRYVH,1
1121-QSIVB,1
1122-YJBCS,1
1125-SNVCK,2
1131-ALZWV,1
1131-QQZEB,1
1131-SUEKT,1
1133-KXCGE,1
1134-YWTYF,3
1135-HIORI,1
1135-LMECX,4
1136-XGEQU,2
1137-DGOWI,1
1139-WUOAH,1
1140-UKVZG,2
1142-IHLOO,2
1150-FTQGN,1
1153-GNOLC,2
1154-HYWWO,1
1156-ZFYDO,3
1159-WFSGR,2
1162-ECVII,2
1163-ONYEY,1
1163-VIPRI,1
1166-PQLGG,1
1167-OYZJF,1
1169-SAOCL,3
1169-WCVAK,4
1170-SASML,4
1171-TYKUR,2
1172-VIYBP,1
1173-NOEYG,4
1173-XZPYF,7
1174-FGIFN,1
1177-XZBJL,1
1178-PZGAB,1
1179-INLAT,1
1183-CANVH,1
1187-WILMM,1
1194-BHJYC,1
1194-HVAIF,4
1194-SPVSP,3
1197-BVMVG,7
1200-TUZHR,6
1202-KKGFU,3
1206-EHBDD,1
1207-BLKSA,1
1208-NBVFH,2
1209-VFFOC,1
1212-GLHMD,6
1215-EXRMO,1
1215-FIGMP,4
1215-VFYVK,4
1216-BGTSP,4
1216-JWVUX,2
1217-VASWC,3
1219-NNDDO,7
1221-GHZEP,1
1222-KJNZD,1
1222-LRYKO,2
1223-UNPKS,1
1226-IENZN,7
1226-JZNKR,1
1227-UDMZR,1
1228-ZLNBX,4
1229-RCALF,3
1230-QAJDW,4
1231-YNDEK,1
1237-WIYYZ,2
1240-HCBOH,1
1241-EZFMJ,1
1241-FPMOF,1
1245-HARPS,1
1247-QBVSH,2
1248-DYXUB,1
1251-STYSZ,8
1257-SXUXQ,2
1258-YMZNM,3
1261-FWTTE,3
1264-FUHCX,2
1265-BCFEO,1
1265-HVPZB,1
1265-ZFOSD,1
1266-NZYUI,1
1269-FOYWN,1
1270-XKUCC,1
1271-UODNO,1
1272-ILHFG,1
1282-IHQAC,1
1291-CUOCY,2
1293-BSEUN,1
1293-HHSHJ,1
1297-VQDRP,1
1298-PHBTI,1
1299-AURJA,1
1301-LOPVR,1
1302-TPUBN,1
1302-UHBDD,4
1303-SRDOK,1
1304-BCCFO,5
1304-SEGFY,2
1306-RPWXZ,1
1307-ATKGB,5
1307-TVUFB,4
1309-XGFSN,1
1310-QRITU,4
1319-YLZJG,7
1320-GVNHT,1
1320-REHCS,4
1325-USMEC,2
1328-EUZHC,1
1329-VHWNP,4
1333-PBMXB,1
1334-PDUKM,2
1335-HQMKX,3
1335-MXCSE,1
1335-NTIUC,5
1336-EZFZY,2
1337-BOZWO,1
1338-CECEE,1
1345-GKDZZ,2
1345-ZUKID,1
1346-PJWTK,3
1346-UFHAX,6
1347-KTTTA,2
1352-HNSAW,1
1352-VHKAJ,2
1353-GHZOS,2
1353-LJWEM,4
1354-YZFNB,1
1355-KUSBG,3
1356-MKYSK,6
1357-BIJKI,3
1357-MVDOZ,2
1360-JYXKQ,3
1360-RCYRT,2
1360-XFJMR,3
1370-GGAWX,3
1371-DWPAZ,2
1371-OJCEK,1
1371-WEPDS,1
1376-HHBDV,3
1379-FRVEB,3
1384-RCUXW,6
1385-TQOZW,2
1386-ZIKUV,2
1389-WNUIB,1
1391-UBDAR,6
1393-IMKZG,8
1394-SUIUH,4
1395-OFUWC,2
1395-WSWXR,1
1397-XKKWR,2
1399-OUPJN,1
1399-UBQIU,6
1400-WIVLL,2
1401-FTHFQ,1
1402-PTHGN,1
1403-GYAFU,1
1403-LKLIK,1
1406-PUQVY,5
1407-DIGZV,1
1409-PHXTF,3
1410-RSCMR,4
1414-YADCW,1
1421-HCERK,5
1422-DGUBX,3
1423-BMPBQ,3
1427-VERSM,5
1428-IEDPR,3
1429-UYJSV,1
1430-SFQSA,1
1431-AIDJQ,1
1431-CYWMH,1
1436-ZMJAN,4
1439-LCGVL,1
1442-BQPVU,4
1442-OKRJE,1
1448-CYWKC,1
1452-KIOVK,2
1452-UZOSF,1
1452-VOQCH,9
1452-XRSJV,2
1453-RZFON,4
1455-HFBXA,1
1456-TWCGB,4
1459-QNFQT,1
1460-UZPRJ,1
1465-LNTLJ,3
1465-WCZVT,2
1468-DEFNC,1
1469-LBJQJ,5
1470-PSXNM,1
1471-GIQKQ,6
1472-TNCWL,2
1474-JUWSM,2
1475-VWVDO,7
1478-VPOAD,6
1480-BKXGA,1
1480-IVEVR,2
1482-OXZSY,6
1485-YDHMM,1
1488-PBLJN,1
1488-SYSFC,2
1492-KGETH,1
1492-QGCLU,2
1494-EJZDW,1
1498-DQNRX,1
1498-NHTLT,1
1506-YJTYT,1
1508-DFXCU,7
1518-OMDIK,3
1525-LNLOJ,1
1530-ZTDOZ,2
1534-OULXE,1
1535-VTJOQ,1
1536-HBSWP,7
1536-YHDOE,1
1539-LNKHM,2
1543-LLLFT,2
1544-JJMYL,1
1545-ACTAS,1
1545-JFUML,2
1548-ARAGG,4
1548-FEHVL,4
1550-EENBN,5
1552-AAGRX,4
1552-CZCLL,1
1552-TKMXS,1
1555-HAPSU,1
1557-EMYVT,2
1559-DTODC,3
1561-BWHIN,1
1563-IWQEX,2
1564-HJUVY,4
1568-BEKZM,1
1568-LJSZU,1
1573-LGXBA,1
1574-DYCWE,1
1575-KRZZE,5
1576-PFZIW,2
1580-BMCMR,6
1591-MQJTP,2
1591-XWLGB,1
1596-OQSPS,4
1599-EAHXY,1
1599-MMYRQ,1
1600-DILPE,4
1608-GMEWB,4
1614-JBEBI,2
1619-YWUBB,1
1621-YNCJH,2
1622-HSHSF,4
1627-AFWVJ,1
1628-BIZYP,9
1629-DQQVB,3
1635-FJFCC,5
1635-HDGFT,1
1635-NZATJ,1
1636-NTNCO,5
1640-PLFMP,9
1641-BYBTK,2
1641-RQDAY,3
1642-HMARX,1
1656-DRSMG,3
1657-DYMBM,1
1658-TJVOA,7
1658-XUHBX,1
1661-CZBAU,1
1663-MHLHE,3
1666-JXLKU,7
1666-JZPZT,3
1676-MQAOA,1
1679-JRFBR,3
1680-VDCWW,1
1682-VCOIO,1
1684-FLBGS,1
1685-BQULA,4
1685-VAYJF,4
1686-STUHN,1
1689-YQBYY,3
1696-HXOWK,2
1696-MZVAU,2
1697-BCSHV,1
1697-LYYYX,1
1697-NVVGY,2
1698-XFZCI,3
1699-TLDLZ,1
1699-UOTXU,1
1702-CCFNJ,2
1703-MGIAB,3
1705-GUHPV,1
1707-HABPF,1
1708-PBBOA,2
1709-EJDOX,1
1710-RCXUS,2
1716-LSAMB,1
1722-LDZJS,1
1724-IQWNM,3
1728-BQDMA,5
1728-CXQBE,3
1729-VLAZJ,1
1730-VFMWO,2
1730-ZMAME,6
1732-FEKLD,2
1734-ZMNTZ,1
1735-XMJVH,2
1741-WTPON,1
1744-JHKYS,2
1746-TGTWV,7
1751-NCDLI,6
1752-OZXFY,2
1754-GKYPY,5
1755-FZQEC,1
1755-RMCXH,2
1757-TCATG,1
1760-CAZHT,1
1763-KUAAW,1
1763-WQFUK,5
1764-VUUMT,1
1766-GKNMI,6
1767-CJKBA,1
1767-TGTKO,3
1768-HNVGJ,3
1769-GRUIK,5
1775-KWJKQ,1
1776-SPBWV,1
1777-JYQPJ,4
1779-PWPMG,1
1784-BXEFA,2
1784-EZDKJ,3
1785-BPHTP,2
1790-NESIO,1
1791-PQHBB,4
1794-SWWKL,2
1796-JANOW,2
1803-BGNBD,4
1810-BOHSY,2
1810-MVMAI,2
1813-JLKWR,1
1813-JYWTO,1
1814-DKOLC,2
1814-WFGVS,1
1816-FLZDK,5
1818-ESQMW,5
1820-DJFPH,1
1821-BUCWY,2
1830-GGFNM,1
1830-IPXVJ,1
1832-PEUTS,1
1833-TCXKK,5
1834-ABKHQ,1
1834-WULEG,1
1837-YQUCE,1
1839-FBNFR,1
1839-UMACK,1
1840-BIUOG,2
1841-YSJGV,2
1843-TLSGD,1
1845-CSBRZ,2
1845-ZLLIG,6
1848-LBZHY,4
1849-RJYIG,4
1850-AKQEP,2
1852-QSWCD,1
1852-XEMDW,2
1853-ARAAQ,3
1855-AGAWH,3
1855-CFULU,2
1862-QRWPE,1
1866-DIOQZ,1
1866-NXPSP,2
1866-OBPNR,4
1866-ZSLJM,1
1867-TJHTS,4
1872-EBWSC,1
1877-HKBQX,2
1891-QRQSA,2
1895-QTKDO,5
1897-OKVMW,1
1897-RCFUM,1
1898-JSNDC,2
1904-WAJAA,1
1905-OEILC,3
1907-YLNYW,4
1910-FMXJM,4
1915-OAKWD,1
1919-RTPQD,3
1921-KYSAY,2
1925-GMVBW,2
1925-LFCZZ,1
1926-QUZNN,1
1927-QEWMY,1
1928-BXYIV,5
1929-ZCBHE,1
1930-BZLHI,1
1930-QPBVZ,1
1930-WNXSB,2
1932-UEDCX,6
1934-MKPXS,1
1935-IMVBB,4
1936-CZAKF,1
1936-UAFEH,2
1937-OTUKY,1
1941-HOSAM,4
1942-OQFRW,6
1945-XISKS,1
1950-KSVVJ,2
1951-IEYXM,1
1952-DVVSW,1
1955-IBMMB,1
1956-YIFGE,2
1958-RNRKS,3
1960-UOTYM,1
1960-UYCNN,7
1964-SVLEA,1
1970-KKFWL,1
1971-DTCZB,1
1972-XMUWV,1
1976-AZZPJ,3
1982-FEBTD,1
1984-GPTEH,2
1985-MBRYP,1
1986-PHGZF,3
1987-AUELQ,1
1991-VOPLL,2
1996-DBMUS,3
1998-VHJHK,1
2000-DHJUY,1
2000-MPKCA,4
2001-EWBQU,2
2001-MCUUW,2
2005-DWQZJ,1
2007-QVGAW,1
2014-MKGMH,4
2017-CCBLH,1
2018-PZKMU,3
2018-QKYGT,5
2019-HDCZY,2
2023-VQFDL,2
2027-CWDNU,2
2027-DNKIV,1
2027-WKXMW,3
2030-BTZRO,1
2038-LLMLM,6
2038-OEQZH,7
2038-YSEZE,2
2039-JONDJ,1
2040-LDIWQ,1
2040-OBMLJ,1
2040-VZIKE,5
2040-XBAVJ,1
2041-JIJCI,4
2043-WVTQJ,5
2045-BMBTJ,3
2049-BAFNW,5
2050-ONYDQ,1
2054-PJOCK,1
2055-BFOCC,1
2055-SIFSS,2
2056-EVGZL,1
2057-BOYKM,1
2061-VVFST,1
2065-MMKGR,2
2067-QYTCF,3
2068-WWXQZ,1
2070-XYMFH,5
2072-ZVJJX,1
2073-QBVBI,1
2074-GUHPQ,2
2075-PUEPR,1
2075-RMJIK,4
2077-DDHJK,1
2077-MPJQO,7
2080-CAZNM,6
2080-GKCWQ,7
2080-SRCDE,3
2081-KJSQF,4
2081-VEYEH,7
2085-BOJKI,2
2085-JVGAD,1
2087-QAREY,3
2088-IEBAU,1
2091-GPPIQ,1
2096-XOTMO,2
2097-YVPKN,1
2101-RANCD,4
2103-ZRXFN,5
2105-PHWON,4
2107-FBPTK,6
2108-GLPQB,3
2111-DWYHN,4
2120-SMPEX,2
2121-JAFOM,1
2122-SZZZD,1
2122-YWVYA,5
2123-AGEEN,7
2123-VSCOT,1
2126-GSEGL,1
2129-ALKBS,1
2133-TSRRM,2
2135-DQWAQ,6
2137-DQMEV,1
2138-VFAPZ,1
2139-FQHLM,4
2143-LJULT,1
2144-BFDSO,4
2144-ESWKO,2
2146-EGVDT,1
2150-OEGBV,1
2150-WLKUW,1
2155-AMQRX,3
2159-TURXX,2
2160-GPFXD,1
2162-FRZAA,1
2164-SOQXL,1
2167-FQSTQ,1
2169-RRLFW,1
2171-UDMFD,1
2172-EJXVF,3
2176-LVPNX,1
2176-OSJUV,1
2178-PMGCJ,4
2181-TIDSV,1
2181-UAESM,5
2186-QZEYA,3
2187-PKZAY,6
2188-SXWVT,1
2190-BCXEC,4
2190-PHBHR,1
2192-CKRLV,1
2192-OZITF,1
2193-SFWQW,1
2194-IIQOF,1
2195-VVRJF,3
2197-OMWGI,1
2200-DSAAL,1
2202-OUTMO,3
2203-GHNWN,5
2205-LPVGL,1
2207-QPJED,4
2207-RYYRL,1
2208-MPXIO,1
2208-NKVVH,1
2208-NQBCT,2
2208-UGTGR,4
2209-XADXF,5
2211-RMNHO,1
2212-LYASK,2
2215-ZAFGX,8
2220-IAHLS,3
2223-GDSHL,1
2226-ICFDO,1
2227-JRSJX,6
2228-BZDEE,1
2229-DPMBI,1
2229-VWQJH,3
2230-XTUWL,1
2233-FAGXV,2
2233-TXSIU,1
2234-EOFPT,1
2234-XADUH,1
2235-DWLJU,5
2235-EZAIK,1
2236-HILPA,1
2239-CFOUJ,1
2239-CGBUZ,1
2240-HSJQD,2
2242-MFOTG,1
2243-FNMMI,1
2245-ADZFJ,1
2250-IVBWA,2
2251-PYLPB,1
2252-ISRNH,2
2252-JHJGE,3
2252-NKNSI,1
2253-KPMNB,1
2254-DLXRI,8
2256-YLYLP,1
2257-BOVXD,3
2259-OUUSZ,2
2262-SLNVK,7
2263-SFSQZ,1
2266-FUBDZ,1
2266-SJNAT,2
2267-FPIMA,4
2267-WTPYD,3
2270-CHBFN,4
2272-JKMSI,1
2272-UOINI,6
2272-WUSPA,2
2273-QCKXA,5
2274-XUATA,1
2275-RBYQS,6
2277-AXSDC,1
2277-BKJKN,2
2277-DJJDL,5
2277-VWCNI,4
2279-AXJJK,4
2282-YGNOR,1
2284-VFLKH,2
2292-XQWSV,1
2293-IJWPS,3
2294-DMMUS,1
2294-SALNE,2
2296-DKZFP,1
2300-RQGOI,1
2302-OUZXB,1
2303-PJYHN,2
2305-MRGLV,4
2307-FYNNL,2
2308-STERM,2
2314-TNDJQ,1
2316-ESMLS,2
2320-SLKMB,3
2320-TZRRH,1
2320-YKQBO,2
2322-VCZHZ,5
2323-ARSVR,2
2324-AALNO,1
2324-EFHVG,2
2325-NBPZG,7
2325-WINES,3
2330-PQGDQ,1
2332-TODQS,1
2333-KWEWW,1
2335-GSODA,1
2338-BQEZT,2
2342-CKIAO,2
2346-CZYIL,1
2346-DJQTB,3
2346-LOCWC,1
2347-WKKAE,5
2348-KCJLT,2
2351-BKRZW,1
2351-RRBUE,1
2359-KLTEK,1
2360-RDGRO,5
2361-FJWNO,1
2361-UPSND,2
2363-BJLSL,3
2364-UFROM,1
2368-GAKKQ,2
2369-FEVNO,4
2371-JQHZZ,6
2371-JUNGC,2
2371-KFUOG,2
2373-NTKOD,4
2378-HTWFW,4
2378-VTKDH,5
2378-YIZKA,1
2379-GYFLQ,2
2380-DAMQP,1
2384-OVPSA,1
2386-OWURY,4
2387-KDZQY,1
2388-LAESQ,1
2391-IPLOP,2
2393-DIVAI,3
2400-FEQME,1
2400-XIWIO,1
2402-TAIRZ,2
2404-JIBFC,1
2405-LBMUW,1
2408-PSJVE,2
2410-CIYFZ,2
2418-TPEUN,1
2419-FSORS,2
2424-WVHPL,7
2428-HYUNX,1
2428-ZMCTB,2
2429-AYKKO,1
2430-RRYUW,2
2432-TFSMK,2
2434-EEVDB,1
2436-QBZFP,2
2439-LYPMQ,6
2439-QKJUL,2
2446-ZKVAF,3
2450-ZKEED,2
2451-YMUXS,1
2452-KDRRH,4
2452-MRMZF,1
2452-SNHFZ,3
2453-SAFNS,2
2455-USLMV,5
2458-EOMRE,3
2460-NGXBJ,3
2465-BLLEU,4
2466-FCCPT,1
2466-NEJOJ,1
2468-SJFLM,8
2469-DTSGX,1
2474-LCNUE,3
2475-MROZF,4
2476-YGEFM,4
2478-EEWWM,3
2480-EJWYP,2
2480-JZOSN,4
2480-SQIOB,4
2481-SBOYW,1
2483-XSSMZ,2
2486-WYVVE,2
2495-KZNFB,6
2495-TTHBQ,1
2498-XLDZR,1
2499-AJYUA,2
2501-XWWTZ,6
2504-DSHIH,4
2507-QZPQS,6
2509-TFPJU,1
2511-ALLCS,1
2511-MORQY,1
2516-XSJKX,1
2519-ERQOJ,3
2519-LBNQL,3
2519-TWKFS,1
2520-SGTTA,1
2521-NPUZR,2
2522-AHJXR,4
2522-WLNSF,1
2523-EWWZL,6
2525-GVKQU,1
2530-FMFXO,1
2533-TIBIX,3
2535-PBCGC,1
2538-OIMXF,4
2541-YGPKE,1
2542-HYGIQ,3
2545-EBUPK,8
2545-LXYVJ,1
2546-KZAAT,2
2550-AEVRU,1
2550-QHZGP,1
2558-BUOZZ,2
2560-PPCHE,3
2560-QTSBS,1
2560-WBWXF,1
2569-WGERO,1
2573-GYRUU,4
2576-HXMPA,3
2577-GVSIL,2
2578-JQPHZ,2
2580-ASVVY,1
2580-ATZSQ,1
2581-VKIRT,1
2582-FFFZR,3
2585-KTFRE,4
2586-CWXVV,3
2587-EKXTS,4
2587-YNLES,1
2589-AYCRP,1
2592-HODOV,1
2592-YKDIF,4
2595-KIWPV,1
2599-CIPQE,1
2599-CZABP,2
2603-HVKCG,6
2604-IJPDU,7
2604-XVDAM,3
2606-PKWJB,1
2607-DHDAK,1
2607-FBDFF,5
2612-PHGOX,1
2615-YVMYX,3
2616-FLVQC,1
2616-UUTFK,4
2621-UDNLU,2
2623-DRYAM,3
2625-TRCZQ,3
2626-VEEWG,1
2632-IVXVF,1
2632-TACXW,1
2636-SJDOU,1
2637-FKFSY,5
2639-UGMAZ,2
2640-LYMOV,3
2642-MAWLJ,1
2649-HWLYB,1
2650-GYRYL,1
2651-ZCBXV,3
2654-VBVPB,3
2657-VPXTA,3
2661-GKBTK,1
2662-NNTDK,1
2664-XJZNO,1
2665-NPTGL,6
2668-TZSPS,4
2669-OIDSD,5
2669-QVCRG,4
2672-OJQZP,5
2672-TGEFF,2
2673-CXQEU,3
2673-ZALNP,1
2674-MIAHT,7
2674-MLXMN,4
2675-DHUTR,5
2675-IJRGJ,1
2675-OTVVJ,4
2676-ISHSF,4
2676-OXPPQ,4
2676-SSLTO,1
2680-XKKNJ,2
2682-KEVRP,1
2683-JXWQQ,2
2688-BHGOG,7
2690-DVRVK,1
2692-AQCPF,3
2692-BUCFV,6
2692-PFYTJ,4
2694-CIUMO,6
2696-ECXKC,1
2696-RZVZW,1
2697-NQBPF,6
2700-LUEVA,3
2703-AMTUL,1
2706-QZIHY,1
2709-UQGNP,4
2710-WYVXG,2
2712-SYWAY,4
2716-GFZOR,4
2717-HVIZY,2
2718-YSKCS,1
2720-FVBQP,3
2724-FJDYW,1
2725-IWWBA,1
2725-TTRIQ,1
2729-VNVAP,1
2731-GJRDG,3
2732-ISEZX,2
2739-CACDQ,5
2739-CCZMB,2
2740-JFBOK,3
2740-TVLFN,7
2746-DIJLO,2
2749-CTKAJ,1
2750-BJLSB,4
2753-JMMCV,1
2754-SDJRD,7
2758-RNWXS,3
2761-XECQW,4
2770-NSVDG,3
2773-MADBQ,1
2773-OVBPK,2
2775-SEFEE,2
2782-JEEBU,3
2782-LFZVW,4
2786-GCDPI,6
2788-CJQAQ,1
2789-CZANW,1
2789-HQBOU,8
2790-XUYMV,1
2791-SFVEW,2
2792-LSHWX,7
2792-VPPET,3
2796-NNUFI,1
2796-UUZZO,1
2798-NYLMZ,2
2799-ARNLO,7
2799-TSLAG,1
2800-QQUSO,6
2800-VEQXM,6
2801-NISEI,2
2804-ETQDK,1
2805-AUFQN,1
2805-EDJPQ,3
2806-MLNTI,3
2808-CHTDM,1
2809-ILCYT,1
2809-ZMYOQ,7
2811-POVEX,2
2812-ENYMO,1
2812-REYAT,1
2812-SFXMJ,3
2817-LVCPP,1
2819-GWENI,1
2821-WARNZ,1
2823-LKABH,4
2824-DXNKN,1
2824-MYYBN,2
2826-DXLQO,4
2826-UWHIS,3
2828-SLQPF,3
2829-HYVZP,1
2830-LEWOA,1
2831-EBWRN,5
2832-KJCRD,6
2832-SCUCO,3
2834-JKOOW,2
2842-BCQGE,4
2843-CQMEG,3
2845-KDHVX,1
2848-YXSMW,1
2851-MMUTZ,3
2851-STERV,2
2853-CWQFQ,4
2858-EIMXH,2
2862-JVEOY,1
2862-PFNIK,4
2863-IMQDR,1
2866-IKBTM,3
2868-LLSKM,1
2874-YXVVA,5
2876-GZYZC,8
2877-VDUER,1
2878-DHMIN,1
2878-RMWXY,1
2880-FPNAE,7
2882-DDZPG,2
2882-WDTBA,1
2883-ILGWO,5
2885-HIJDH,1
2887-JPYLU,2
2888-ADFAO,1
2890-WFBHU,2
2892-GESUL,1
2896-TBNBE,2
2897-DOVND,7
2898-MRKPI,1
2900-PHPLN,1
2903-YYTBW,4
2904-GGUAZ,1
2905-KFQUV,7
2907-ILJBN,1
2908-WGAXL,1
2908-ZTPNF,3
2911-IJORQ,2
2911-WDXMV,2
2916-BQZLN,6
2920-RNCEZ,5
2921-XWDJH,5
2923-ARZLG,1
2924-KHUVI,3
2925-MXLSX,2
2925-VDZHY,1
2926-JEJJC,1
2927-CVULT,1
2927-QRRQV,3
2928-HLDBA,2
2931-FSOHN,4
2931-SVLTV,2
2931-VUVJN,2
2931-XIQBR,1
2933-XEUJM,1
2937-FTHUR,2
2946-KIQSP,3
2954-PIBKO,1
2957-JIRMN,2
2958-NHPPS,2
2959-EEXWB,1
2959-FENLU,7
2960-NKRSO,5
2961-VNFKL,1
2967-MXRAV,1
2969-QWUBZ,5
2969-VAPYH,1
2969-WGHQO,2
2971-SGAFL,6
2972-YDYUW,2
2974-GGUXS,5
2977-CEBSX,1
2978-XXSOG,3
2984-AFWNC,6
2984-RGEYA,1
2984-TBYKU,1
2985-FMWYF,6
2985-JUUBZ,2
2987-BJXIK,1
2988-GBIVW,4
2988-PLAHS,3
2988-QRAJY,2
2990-IAJSV,1
2990-OGYTD,1
2995-YWTCD,1
2996-XAUVF,1
2999-AANRQ,1
3001-UNBTL,3
3002-WQZWT,5
3003-CMDUU,6
3005-TYFRD,4
3007-FDPEA,3
3011-WQKSZ,2
3012-VFFMN,2
3014-WJKSM,4
3016-KSVCP,2
3021-VLNRJ,1
3022-BEXHZ,1
3026-ATZYV,1
3027-YNWZU,1
3030-YDNRM,6
3030-ZKIWL,4
3038-PQIUY,3
3039-MJSLN,2
3043-SUDUA,1
3043-TYBNO,4
3050-GBUSH,5
3050-RLLXC,1
3055-MJDSB,4
3055-OYMSE,3
3055-VTCGS,1
3057-VJJQE,1
3058-WQDRE,4
3059-NGMXB,3
3061-BCKYI,2
3062-ICYZQ,2
3067-SVMTC,1
3069-SSVSN,2
3070-BDOQC,2
3070-FNFZQ,1
3071-MVJCD,1
3071-VBYPO,4
3077-RSNTJ,2
3078-ZKNTS,1
3079-BCHLN,1
3082-VQXNH,4
3082-WQRVY,1
3082-YVEKW,1
3084-DOWLE,1
3086-RUCRN,4
3088-FVYWK,1
3088-LHEFH,6
3090-LETTY,3
3090-QFUVD,3
3094-JOJAI,4
3096-GKWEB,6
3096-WPXBT,1
3096-YXENJ,2
3097-FQTVJ,1
3097-IDVPU,2
3097-PYWXL,2
3099-OONVS,2
3108-PCCGG,1
3113-IWHLC,4
3115-CZMZD,2
3115-JPJDD,1
3118-UHVVQ,1
3120-FAZKD,1
3125-RAHBV,1
3126-WQMGH,2
3128-YOVTD,1
3129-AAQOU,1
3130-ICDUP,4
3131-NWVFJ,1
3133-PZNSR,1
3134-DSHVC,1
3137-LUPIX,4
3137-NYQQI,1
3144-KMTWZ,3
3146-JTQHR,1
3146-MSEGF,1
3148-AOIQT,1
3154-CFSZG,2
3154-HMWUU,1
3156-QLHBO,2
3160-TYXLT,3
3161-GETRM,2
3161-ONRWK,1
3162-KKZXO,4
3162-ZJZFU,2
3164-YAXFY,3
3166-PNEOF,1
3167-SNQPL,3
3170-GWYKC,4
3170-NMYVV,1
3173-NVMPX,3
3173-WSSUE,1
3174-AKMAS,1
3174-RKMOW,2
3178-CIFOT,1
3179-GBRWV,3
3181-MIZBN,2
3181-VTHOE,1
3186-AJIEK,2
3190-FZATL,2
3190-ITQXP,1
3191-CSNMG,4
3192-LNKRK,2
3195-TQDZX,3
3196-NVXLZ,6
3197-ARFOY,4
3197-NNYNB,2
3199-NPKCN,3
3199-XGZCY,6
3200-MNQTF,1
3205-MXZRA,1
3209-ZPKFI,2
3211-AAPKX,6
3212-KXOCR,1
3213-VVOLG,1
3214-IYUUQ,2
3219-JQRSL,1
3221-CJMSG,3
3223-DWFIO,6
3224-DFQNQ,2
3227-WLKLI,1
3229-USWAR,2
3230-IUALN,1
3230-JCNZS,1
3234-VKACU,6
3239-TPHPZ,1
3243-ZHOHY,1
3244-CQPHU,2
3247-MHJKM,4
3249-VHRIP,1
3251-YMVWZ,1
3253-HKOKL,1
3255-GRXMG,2
3256-EZDBI,3
3258-SANFR,4
3258-SYSWS,1
3258-ZKPAI,1
3259-KNMRR,1
3259-QMXUN,1
3261-CQXOL,1
3262-EIDHV,1
3266-FTKHB,1
3272-VUHPV,3
3274-NSDWE,1
3275-RHRNE,1
3278-FSIXX,6
3279-DYZQM,1
3280-MRDOF,1
3280-NMUVX,1
3282-ZISZV,2
3283-WCWXT,1
3284-SVCRO,1
3292-PBZEJ,7
3295-YVUSR,6
3298-QEICA,1
3301-LSLWQ,3
3301-VKTGC,1
3307-TLCUD,3
3308-DGHKL,1
3308-JSGML,1
3308-MHOOC,3
3312-UUMZW,5
3312-ZWLGF,6
3315-IKYZQ,1
3316-UWXUY,4
3317-VLGQT,7
3318-ISQFQ,2
3318-NMQXL,8
3320-VEOYC,7
3323-CPBWR,5
3324-OIRTO,1
3327-YBAKM,2
3338-CVVEH,6
3339-EAQNV,2
3340-QBBFM,1
3345-JHUEO,3
3345-PBBFH,4
3347-YJZZE,2
3349-ANQNH,3
3351-NGXYI,4
3352-ALMCK,5
3352-RICWQ,1
3354-OADJP,2
3359-DSRKA,1
3363-DTIVD,1
3363-EWLGO,2
3365-SAIGS,6
3370-GQEAL,2
3370-HXOPH,7
3372-CDXFJ,1
3373-DIUUN,1
3373-YZZYM,3
3374-PZLXD,1
3374-TTZTK,2
3378-AJRAO,1
3384-CTMSF,5
3387-PLKUI,2
3389-KTRXV,1
3391-JSQEW,3
3392-EHMNK,1
3396-DKDEL,1
3397-AVTKU,2
3398-GCPMU,1
3399-BMLVW,1
3401-URHDA,1
3402-XRIUO,3
3404-JNXAX,2
3407-JMJQQ,1
3407-QGWLG,2
3410-MHHUM,1
3410-YOQBQ,1
3411-WLRSQ,6
3413-BMNZE,5
3413-CSSTH,3
3413-DHLPB,2
3417-TSCIC,2
3420-YJLQT,7
3420-ZDBMA,6
3422-GALYP,8
3422-WJOYD,1
3423-HHXAO,1
3427-GGZZI,6
3428-MMGUB,2
3429-IFLEM,1
3439-GVUSX,5
3441-CGZJH,1
3442-ZHHCC,1
3446-QDSZF,4
3450-WXOAT,3
3451-VAWLI,1
3452-ABWRL,4
3452-FLHYD,1
3452-GWUIN,6
3452-SRFEG,3
3453-RTHJQ,6
3454-JFUBC,1
3457-PQBYH,1
3458-IDMFK,1
3460-TJBWI,1
3462-BJQQA,8
3466-BYAVD,3
3466-RITXD,4
3466-WAESX,3
3468-DRVQJ,1
3470-BTGQO,2
3470-OBUET,1
3472-OAOOR,2
3472-QPRCH,1
3474-BAFSJ,1
3481-JHUZH,5
3482-ABPKK,1
3486-HOOGQ,1
3486-KHMLI,1
3486-NPGST,1
3487-EARAT,2
3489-HHPFY,8
3489-VSFRD,1
3496-LFSZU,7
3498-LZGQZ,1
3500-NSDOA,1
3503-TYDAY,4
3506-OVLKD,1
3507-GASNP,1
3508-CFVZL,1
3508-VLHCZ,1
3509-GWQGF,4
3511-APPBJ,2
3511-BFTJW,1
3518-FSTWG,2
3518-PZXZQ,6
3520-FJGCV,1
3521-HTQTV,1
3521-MNKLV,3
3522-CDKHF,4
3523-BRGUW,1
3524-WQDSG,2
3525-DVKFN,1
3528-HFRIQ,3
3530-CRZSB,2
3530-VWVGU,1
3533-UVMOM,1
3537-HPKQT,3
3537-RYBHH,2
3541-ZNUHK,2
3544-FBCAS,1
3545-CNWRG,3
3546-GHEAE,1
3547-LQRIK,1
3549-ZTMNH,1
3551-GAEGL,1
3552-CTCYF,1
3556-BVQGL,1
3557-HTYWR,1
3563-SVYLG,1
3566-CAAYU,1
3566-HJGPK,6
3566-VVORZ,3
3567-PQTSO,1
3569-EDBPQ,6
3569-JFODW,1
3569-VLDHH,1
3570-YUEKJ,4
3571-DPYUH,1
3572-UOLYZ,2
3572-UUHRS,1
3577-AMVUX,5
3580-GICBM,1
3580-HYCSP,1
3583-KRKMD,4
3584-WKTTW,4
3585-YNADK,2
3587-PMCOY,4
3588-WSTTJ,7
3589-PPVKW,4
3590-TCXTB,4
3594-BDSOA,1
3594-IVHJZ,3
3594-KADLU,4
3597-MVHJT,5
3597-YASZG,2
3604-WLABM,4
3605-JISKB,1
3606-SBKRY,2
3612-YUNGG,1
3612-YVGSJ,1
3617-XLSGQ,1
3620-EHIMZ,1
3620-MWJNE,5
3621-CHYVB,3
3623-FQBOX,2
3629-WEAAM,3
3629-ZNKXA,7
3633-CDBUW,1
3635-JBPSG,2
3635-QQRQD,1
3638-DIMPH,2
3638-VBZTA,1
3638-WEABW,1
3639-XJHKQ,2
3640-JQGJG,2
3642-BYHDO,1
3642-GKTCT,2
3644-QXEHN,3
3645-DEYGF,3
3646-ITDGM,1
3648-GZPHF,1
3649-JPUGY,1
3653-NCRDJ,1
3654-ARMGP,1
3655-SNQYZ,2
3657-COGMW,3
3658-QQJYD,1
3662-FXJFO,1
3665-JATSN,4
3669-WHAFY,2
3675-EQOZA,2
3675-YDUPJ,2
3678-MNGZX,1
3679-XASPY,3
3680-CTHUH,2
3682-YEUWS,2
3688-FTHLT,4
3689-MOZGR,4
3692-JHONH,4
3694-DELSO,3
3694-GLTJM,2
3696-DFHHB,1
3696-XRIEN,2
3701-SFMUH,3
3703-KBKZP,5
3703-TTEPD,2
3704-IEAXF,1
3705-RHRFR,2
3709-OIJEA,3
3712-PKXZA,1
3714-NTNFO,5
3714-XPXBW,4
3716-LRGXK,2
3716-UVSPD,7
3717-FDJFU,1
3717-LNXKW,4
3717-OEAUQ,6
3717-OFRTN,3
3719-TDVQB,1
3720-DBRWL,1
3721-CNZHX,1
3721-WKIIL,1
3723-BFBGR,3
3724-BSCVH,1
3724-UCSHY,2
3726-TBHQT,1
3727-JEZTU,4
3727-OVPRY,1
3727-OWVYD,1
3729-OWRVL,2
3733-LSYCE,5
3733-UOCWF,1
3733-ZEECP,2
3736-BLEPA,2
3737-XBQDD,5
3739-YBWAB,1
3740-RLMVT,1
3744-ZBHON,3
3745-HRPHI,1
3748-FVMZZ,5
3750-RNQKR,2
3750-YHRYO,1
3752-CQSJI,2
3756-VNWDH,3
3758-CKOQL,3
3761-FLYZI,4
3764-MNMOI,1
3766-EJLFL,1
3768-VHXQO,1
3769-MHZNV,1
3771-PZOBW,4
3774-VBNXY,1
3777-XROBG,1
3778-FOAQW,1
3779-OSWCF,1
3780-DDGSE,2
3780-YVMFA,3
3785-KTYSH,1
3785-NRHYR,3
3786-WOVKF,2
3787-TRIAL,2
3794-NFNCH,3
3795-CAWEX,1
3795-GWTRD,1
3796-ENZGF,1
3797-FKOGQ,3
3798-EPWRR,5
3800-LYTRK,2
3806-YAZOV,2
3807-BPOMJ,3
3807-XHCJH,3
3808-HFKDE,4
3810-DVDQQ,1
3810-PJUHR,1
3812-LRZIR,1
3813-DHBBB,1
3823-KYNQY,1
3824-RHKVR,1
3831-YCPUO,1
3836-FZSDJ,1
3841-CONLJ,6
3841-NFECX,1
3842-QTGDL,4
3845-FXCYS,3
3845-JHAMY,2
3847-BAERP,2
3850-OKINF,1
3853-LYGAM,5
3855-ONCAR,4
3858-XHYJO,2
3863-QSTYI,3
3865-QBWSJ,2
3865-YIOTT,1
3865-ZFZIB,1
3865-ZYKAD,4
3870-SPZSI,1
3873-NFTGI,4
3873-WOSBC,1
3878-AVSOQ,9
3882-IYOIJ,1
3884-UEBXB,1
3887-PBQAO,1
3889-VWBID,1
3890-RTCMS,4
3891-NLXJB,1
3892-NXAZG,1
3893-JRNFS,3
3896-RCYYE,3
3896-ZVNET,1
3898-BSJYF,1
3898-GUYTS,6
3902-MIVLE,1
3904-UKFRE,8
3908-MKIMJ,1
3910-MRQOY,1
3911-RSNHI,1
3913-FCUUW,1
3913-RDSJZ,1
3914-FDRHP,6
3915-ODIYG,2
3916-NRPAP,7
3920-HIHMQ,2
3926-YZVVX,1
3930-ZGWVE,3
3932-IJWDZ,5
3933-DQPWX,1
3935-TBRZZ,1
3936-QQFLL,2
3938-YFPXD,1
3941-XTSKM,2
3946-JEWRQ,2
3948-FVVRP,3
3948-KXDUF,1
3950-VPYJB,1
3951-NJCVI,5
3955-JBZZM,4
3956-CJUST,4
3956-MGXOG,6
3957-HHLMR,1
3957-SQXML,1
3961-SXAXY,6
3963-RYFNS,1
3966-HRMZA,5
3967-KXAPS,1
3967-VQOGC,1
3969-GYXEL,6
3969-JQABI,2
3970-XGJDU,1
3973-SKMLN,1
3976-HXHCE,1
3976-NLDEZ,4
3977-QCRSL,2
3978-YNKDD,1
3981-QSVQI,2
3982-DQLUS,2
3982-JGSFD,1
3985-HOYPM,1
3987-KQDDU,6
3995-WFCSM,5
3996-ZNWYK,1
3999-WRNGR,2
4000-VGMQP,1
4001-TSBTV,2
4002-BQWPQ,3
4003-FUSHP,3
4003-OCTMP,2
4006-HKYHO,1
4007-NHVHI,5
4010-YLMVT,4
4011-ARPHK,2
4012-YCFAI,1
4012-ZTHBR,2
4013-GUXND,4
4016-BJKTZ,2
4018-KJYUY,1
4018-PPNDW,1
4020-KIUDI,2
4023-RTIQM,2
4024-CSNBY,1
4026-SKKHW,5
4029-HPFVY,6
4032-RMHCI,1
4039-PIMHX,1
4043-MKDTV,2
4049-ZPALD,2
4054-CUMIA,2
4056-QHXHZ,1
4057-FKCZK,1
4059-IIEBK,7
4060-LDNLU,7
4061-UKJWL,4
4062-HBMOS,5
4063-EIKNQ,2
4065-JJAVA,6
4067-HLYQI,4
4070-OKWVH,4
4072-IPYLT,2
4075-JFPGR,2
4075-WKNIU,2
4077-HWUYD,1
4079-ULGFR,2
4079-VTGLK,1
4079-WWQQQ,1
4080-IIARD,6
4083-BFNYK,2
4086-ATNFV,1
4086-WITJG,1
4090-KPJIP,7
4091-TVOCN,1
4092-OFQZS,1
4097-YODCF,1
4098-NAUKP,2
4102-HLENU,1
4104-PVRPS,2
4109-CYRBD,3
4111-BNXIF,1
4114-QMKVN,1
4115-BNPJY,1
4115-NZRKS,7
4115-UMJFQ,1
4116-IQRFR,1
4118-CEVPF,3
4119-ZYPZY,2
4121-AGSIN,1
4123-DVHPH,7
4123-FCVCB,3
4128-ETESU,5
4129-LYCOI,1
4130-MZLCC,4
4132-KALRO,7
4132-POCZS,4
4134-BSXLX,2
4135-FRWKJ,1
4137-BTIKL,6
4137-JOPHL,1
4138-NAXED,3
4139-DETXS,1
4139-JPIAM,3
4146-SVFUD,5
4159-NAAIX,1
4163-HFTUK,1
4163-KIUHY,2
4163-NCJAK,1
4176-FXYBO,4
4176-RELJR,1
4177-JPDFU,3
4178-EGMON,1
4182-BGSIQ,2
4183-MYFRB,5
4184-VODJZ,1
4186-ZBUEW,2
4188-FRABG,4
4188-PCPIG,1
4189-NAKJS,2
4191-XOVOM,4
4193-IBKSW,1
4194-FJARJ,1
4194-WHFCB,2
4195-NZGTA,6
4195-PNGZS,1
4198-VFOEA,2
4199-QHJNM,2
4203-QGNZA,1
4213-HKBJO,1
4220-TINQT,4
4223-BKEOR,1
4223-WOZCM,4
4226-KKDON,4
4227-OJHAL,1
4231-LZUYM,1
4232-JGKIY,3
4234-XTNEA,8
4236-UJPWO,5
4237-CLSMM,2
4238-HFHSN,4
4238-JSSWH,4
4250-WAROZ,2
4254-QPEDE,1
4256-ZWTZI,4
4257-GAESD,4
4273-MBHYA,4
4274-DRSQT,1
4277-BWBML,1
4277-UDIEF,2
4280-DLSHD,4
4282-ACRXS,3
4282-MSACW,3
4283-IVYCI,3
4291-HPAXL,3
4291-HYEBC,1
4291-SHSBH,6
4291-TPNFG,1
4291-YZODP,1
4293-ETKAP,1
4295-YURET,1
4298-OYIFC,7
4299-OPXEJ,1
4299-SIMNS,8
4301-VVZKA,6
4302-ZYFEL,1
4304-TSPVK,2
4304-XUMGI,1
4307-KWMXE,4
4310-KEDTB,2
4311-QTTAI,1
4312-GVYNH,1
4312-KFRXN,1
4316-XCSLJ,2
4318-RAJVY,1
4320-QMLLA,3
4323-ELYYB,1
4323-OHFOW,3
4324-AHJKS,4
4324-BZCKL,3
4328-VUFWD,1
4329-YPDDQ,4
4332-MUOEZ,2
4334-HOWRP,1
4335-BSMJS,1
4335-UPJSI,1
4338-EYCER,2
4342-HFXWS,1
4343-EJVQB,5
4350-ZTLPI,3
4353-HYOJD,2
4355-CVPVS,1
4359-INNWN,1
4360-PNRQB,4
4360-QRAVE,3
4361-FEBGN,1
4365-MSDYN,2
4366-CTOUZ,2
4367-NHWMM,6
4367-NUYAO,1
4369-NYSCF,1
4373-VVHQL,7
4374-YMUSQ,2
4376-KFVRS,1
4377-VDHYI,1
4378-BZYFP,1
4378-MYPGO,1
4381-MHQDC,1
4385-ZKVNW,2
4389-UEFCZ,2
4391-LNRXK,5
4393-GEADV,1
4393-OBCRR,1
4393-RYCRE,4
4395-PZMSN,8
4396-KLSEH,3
4397-FRLTA,2
4402-FTBXC,3
4403-BWPAY,1
4415-WNGVR,3
4418-LZMSV,2
4419-UJMUS,1
4422-QVIJA,2
4423-JWZJN,1
4425-OWHWB,1
4429-WYGFR,2
4430-YHXGG,2
4431-EDMIQ,4
4439-YRNVD,4
4443-EMBNA,1
4445-KWOKW,2
4445-ZJNMU,7
4450-DLLMH,7
4450-MDZFX,2
4450-YOOHP,3
4451-RWASJ,1
4452-QIIEB,4
4452-ROHMO,1
4455-BFSPD,2
4456-RHSNB,2
4458-KVRBJ,1
4459-BBGHE,2
4462-CYWMH,4
4465-VDKIQ,4
4468-KAZHE,3
4468-YDOVK,3
4472-LVYGI,3
4472-VESGY,2
4475-NVTLU,1
4476-OSWTN,3
4480-MBMLB,3
4480-QQRHC,6
4482-EWFMI,7
4482-FTFFX,5
4486-EFAEB,2
4487-ZYJZK,1
4488-KQFDT,3
4495-LHSSK,2
4500-HKANN,1
4501-UYKBC,1
4501-VCPFK,3
4504-YOULA,1
4508-OEBEY,2
4513-CXYIX,1
4518-FZBSX,1
4521-WFJAI,1
4521-YEEHE,6
4522-AKYLR,4
4522-XRWWI,1
4524-QCSSM,3
4525-VZCZG,1
4526-EXKKN,1
4526-RMTLL,2
4526-ZJJTM,3
4530-NDRKU,1
4531-AUZNK,1
4534-WGCIR,1
4536-PLEQY,6
4537-CIBHB,1
4537-DKTAL,5
4538-WNTMJ,1
4544-RXFMG,2
4546-FOKWR,5
4547-FZJWE,1
4549-ZDQYY,1
4553-DVPZG,5
4558-CGYCZ,2
4559-UWIHT,7
4560-WQAQW,1
4565-EVZMJ,2
4565-NLZBV,1
4566-NECEV,7
4567-AKPIA,1
4568-KNYWR,1
4568-TTZRT,2
4570-QHXHL,5
4573-JKNAE,1
4578-PHJYZ,1
4581-LNWUM,4
4583-PARNH,7
4584-LBNMK,1
4589-IUAJB,1
4598-ZADCK,2
4608-LCIMN,3
4609-KNNWG,1
4611-ANLQC,2
4612-SSVHJ,6
4615-PIVVU,1
4616-EWBNJ,1
4616-ULAOA,1
4619-EVPHY,2
4622-YNKIJ,2
4623-ZKHLY,2
4625-LAMOB,1
4625-XMOYM,1
4626-OZDTJ,1
4627-MIHJH,2
4632-PAOYU,1
4632-XJMEX,1
4633-MKHYU,6
4634-JLRJT,4
4635-EJYPD,1
4636-JGAAI,4
4636-OLWOE,1
4636-TVXVG,1
4641-FROLU,1
4644-OBGFZ,1
4644-PIZRT,1
4646-QZXTF,6
4647-MUZON,5
4647-XXZAM,3
4648-YPBTM,1
4652-ODEVH,1
4654-DLAMQ,2
4654-GGUII,2
4654-ULTTN,1
4656-CAURT,1
4657-FWVFY,2
4660-IRIBM,2
4661-NJEUX,4
4664-NJCMS,1
4667-QONEA,1
4670-TABXH,2
4671-VJLCL,1
4672-FOTSD,4
4673-KKSLS,4
4674-HGNUA,1
4676-MQUEA,3
4676-WLUHT,1
4680-KUTAJ,4
4682-BLBUC,2
4683-WYDOU,2
4685-ERGHK,2
4685-TFLLS,1
4686-GEFRM,2
4686-UXDML,5
4690-PKDQG,5
4692-NNQRU,2
4693-VWVBO,2
4694-PHWFW,2
4697-LUPSU,1
4698-KVLLG,1
4700-UBQMV,1
4701-LKOZD,1
4702-HDRKD,1
4703-MQYKT,1
4706-DGAHW,6
4707-MAXGU,1
4707-YNOQA,1
4709-LKHYG,1
4710-NKCAW,3
4712-AUQZO,3
4712-UYOOI,1
4713-ZBURT,1
4716-HHKQH,5
4716-MRVEN,1
4717-GHADL,1
4718-DHSMV,4
4718-WXBGI,1
4719-UMSIY,2
4723-BEGSG,1
4724-WXVWF,5
4726-DLWQN,3
4727-MCYZG,5
4730-AWNAU,2
4732-RRJZC,2
4735-BJKOU,1
4737-AQCPU,1
4737-HOBAX,1
4741-WWJQZ,8
4742-DRORA,2
4742-TXUEX,1
4747-LCAQL,4
4749-OJKQU,7
4750-UKWJK,1
4751-ERMAN,1
4753-PADAS,3
4759-PXTAN,2
4760-THGOT,5
4767-HZZHQ,2
4770-QAZXN,2
4770-UEZOX,7
4774-HHGGS,1
4776-XSKYQ,1
4778-IZARL,2
4779-ZGICK,1
4781-ZXYGU,3
4782-OSFXZ,1
4785-FCIFB,1
4785-NKHCX,2
4795-UXVCJ,1
4795-WRNVT,2
4797-MIWUM,2
4801-JZAZL,3
4801-KFYKL,2
4803-LBYPN,1
4804-NCPET,1
4806-DXQCE,2
4807-IZYOZ,1
4808-YNLEU,2
4811-JBUVU,5
4813-HQMGZ,7
4815-GBTCD,5
4815-TUMEQ,1
4815-YOSUK,1
4816-OKWNX,1
4817-KEQSP,1
4819-HJPIW,3
4821-SJHJV,2
4821-WQOYN,1
4822-LPTYJ,2
4824-GUCBY,4
4825-FUREZ,1
4825-XJGDM,1
4826-DXMUP,1
4826-TZEVA,3
4827-DPADN,1
4827-LTQRJ,1
4827-USJHP,3
4828-FAZPK,2
4829-ZLJTK,2
4830-FAXFM,1
4832-VRBMR,3
4833-QTJNO,3
4835-YSJMR,1
4836-WNFNO,1
4837-PZTIC,1
4837-QUSFT,2
4840-ORQXB,4
4847-TAJYI,8
4849-PYRLQ,1
4851-BQDNX,1
4853-OITSN,8
4854-CIDCF,6
4854-SSLTN,1
4859-ZSRDZ,1
4860-IJUDE,5
4860-YZGZM,2
4868-AADLV,1
4869-EPIUS,2
4872-JCVCA,1
4872-VXRIL,1
4877-TSOFF,1
4878-BUNFV,1
4879-GZLFH,2
4881-GQJTW,2
4881-JVQOD,3
4883-KCPZJ,1
4884-LEVMQ,1
4884-TVUQF,2
4884-ZTHVF,7
4890-VMUAV,2
4891-NLUBA,1
4893-GYUJU,1
4896-CPRPF,1
4900-MSOMT,1
4903-CNOZC,1
4906-ZHGPK,2
4908-XAXAY,1
4909-JOUPP,2
4912-PIGUY,9
4915-BFSXL,1
4918-FYJNT,4
4922-CVPDX,1
4923-ADWXJ,3
4926-UMJZD,3
4927-WWOOZ,8
4929-ROART,3
4929-XIHVW,7
4931-TRZWN,6
4933-BSAIP,1
4933-IKULF,1
4936-YPJNK,2
4937-QPZPO,1
4939-KYYPY,3
4940-KHCWD,1
4942-VZZOM,1
4945-RVMTE,3
4947-DSMXK,2
4948-WBBKL,4
4950-BDEUX,3
4950-HKQTE,1
4955-VCWBI,1
4957-SREEC,1
4957-TIALW,2
4957-TREIR,4
4962-CHQPW,1
4967-WPNCF,1
4973-MGTON,1
4973-RLZVI,2
4976-LNFVV,3
4979-HPRFL,1
4980-URKXC,1
4981-FLTMF,1
4983-CCWMC,6
4983-CLMLV,5
4986-MXSFP,3
4987-GQWPO,3
4989-LIXVT,4
4990-ALDGW,1
4992-LTJNE,1
4993-JCRGJ,5
4994-OBRSZ,1
4998-IKFSE,5
4999-IEZLT,1
5002-GCQFH,4
5003-OKNNK,1
5003-XZWWO,1
5006-MXVRN,1
5010-IPEAQ,1
5012-YSPJJ,2
5014-GSOUQ,1
5014-WUQMG,1
5016-IBERQ,4
5016-LIPDW,1
5018-GWURO,4
5018-HEKFO,2
5018-LXQQG,1
5019-GQVCR,5
5022-JNQEQ,3
5022-KVDQT,6
5025-GOOKI,2
5027-YOCXN,3
5032-MIYKT,8
5032-USPKF,2
5035-BVCXS,6
5035-PGZXH,4
5038-ETMLM,1
5039-LZRQT,1
5043-TRZWM,7
5044-LRQAQ,5
5044-XDPYX,1
5046-NUHWD,3
5049-MUBWG,1
5055-BRMNE,1
5055-MGMGF,5
5056-FIMPT,1
5057-RKGLH,1
5060-TQUQN,2
5061-PBXFW,1
5062-CJJKH,1
5063-IUOKK,1
5066-GFJMM,3
5067-DGXLL,2
5067-WJEUN,1
5067-XJQFU,3
5071-FBJFS,4
5073-RZGBK,1
5074-FBGHB,3
5075-JSDKI,1
5076-YVXCM,3
5081-NWSUP,1
5084-OOVCJ,2
5088-QZLRL,4
5090-EMGTC,2
5091-HFAZW,8
5092-STPKP,3
5093-FEGLU,1
5095-ETBRJ,1
5110-CHOPY,1
5115-GZDEL,1
5115-SQAAU,1
5117-IFGPS,6
5117-ZSMHQ,1
5118-MUEYH,5
5119-KEPFY,5
5119-NZPTV,7
5120-ZBLAI,1
5122-CYFXA,6
5124-EOGYE,1
5125-CNDSP,1
5126-RCXYW,1
5127-BZENZ,1
5129-HHMZC,1
5129-JLPIS,5
5130-YPIRV,1
5131-PONJI,1
5133-POWUA,6
5133-VRSAB,3
5135-GRQJV,1
5135-RDDQL,1
5136-GFPMB,3
5136-RGMZO,4
5140-FOMCQ,3
5141-ZUVBH,3
5144-PQCDZ,2
5144-TVGLP,4
5146-CBVOE,4
5146-YYFRZ,1
5148-HKFIR,1
5148-ORICT,1
5149-CUZUJ,2
5149-QYTTU,1
5149-TGWDZ,3
5150-ITWWB,8
5150-LJNSR,1
5151-HQRDG,3
5153-LXKDT,1
5153-RTHKF,4
5155-AZQPB,2
5156-UMKOW,3
5158-RIVOP,1
5160-UXJED,1
5161-UBZXI,1
5161-XEUVX,1
5168-MQQCA,2
5168-MSWXT,4
5170-PTRKA,1
5171-EPLKN,1
5172-MIGPM,3
5172-RKOCB,2
5173-WXOQV,5
5173-ZXXXL,1
5174-ITUMV,1
5175-WLYXL,5
5176-LDKUH,2
5176-LMJXE,1
5176-OLSKT,1
5177-RVZNU,1
5181-OABFK,1
5183-KLYEM,1
5183-SNMJQ,7
5186-EJEGL,5
5186-PEIZU,1
5188-HGMLP,3
5193-QLVZB,2
5195-KPUNQ,3
5196-WPYOW,1
5197-LQXXH,1
5197-PYEPU,1
5197-YPYBZ,1
5198-EFNBM,2
5198-HQAEN,1
5199-FPUSP,1
5201-CBWYG,1
5201-FRKKS,3
5201-USSQZ,4
5203-XEHAX,1
5204-HMGYF,1
5206-HPJKM,3
5206-XZZQI,4
5207-PLSTK,5
5208-FVQKB,1
5213-TWWJU,4
5214-CHIWJ,1
5214-NLTIT,1
5215-LNLDJ,3
5216-WASFJ,6
5220-AGAAX,1
5222-IMUKT,4
5222-JCXZT,2
5223-UZAVK,2
5226-NOZFC,6
5227-JSCFE,1
5229-DTFYB,2
5231-FIQPA,1
5232-NXPAY,1
5233-AOZUF,5
5236-XMZJY,2
5240-CAOYT,3
5242-UOWHD,1
5243-SAOTC,4
5245-VDBUR,1
5248-KWLAR,1
5248-RPYWW,1
5248-YGIJN,1
5249-QYHEX,1
5256-SKJGO,1
5260-UMPWX,1
5266-PFRQK,1
5268-DSMNQ,2
5269-NRGDP,1
5271-DBYSJ,6
5274-XHAKY,1
5275-PMFUT,1
5278-PNYOX,2
5285-MVEHD,3
5286-YHCVC,2
5288-AHOUP,7
5294-DMSFH,2
5294-IMHHT,2
5296-BFCYD,1
5296-PSYVW,1
5297-MDOIR,1
5298-GSTLM,2
5302-BDJNT,4
5304-EFJLP,2
5306-BVTKJ,1
5307-UVGNB,2
5309-TAIKL,3
5310-NOOVA,1
5311-IHLEI,4
5312-IRCFR,1
5312-TSZVC,1
5312-UXESG,5
5313-FPXWG,1
5315-CKEQK,1
5317-FLPJF,1
5318-YKDPV,1
5320-BRKGK,1
5321-NTRKC,1
5322-TEUJK,1
5322-ZSMZY,1
5324-KTGCG,1
5325-UWTWJ,4
5327-CNLUQ,2
5327-XOKKY,1
5329-KRDTM,1
5331-RGMTT,5
5334-AFQJB,1
5334-JLAXU,3
5336-UFNZP,1
5337-IIWKZ,2
5338-YHWYT,1
5339-PXDVH,7
5339-TJFEK,2
5343-SGUBI,2
5345-BMKWB,2
5346-BZCHP,1
5348-CAGXB,7
5349-AZPEW,3
5351-QESIO,4
5353-WILCI,3
5356-CSVSQ,4
5356-KZCKT,1
5360-LJCNJ,2
5360-XGYAZ,1
5365-LLFYV,6
5366-OBVMR,3
5370-IIVVL,3
5371-VYLSX,5
5372-FBKBN,1
5375-XLDOF,1
5376-PCKNB,1
5377-NDTOU,1
5380-XPJNZ,1
5382-SOYZL,6
5382-TEMLV,2
5384-ZTTWP,2
5386-THSLQ,1
5387-ASZNZ,1
5392-AKEMH,5
5393-HJZSM,2
5394-MEITZ,1
5396-IZEPB,2
5397-NSKQG,1
5397-TUPSH,1
5399-ZIMKF,7
5402-HTOTQ,4
5404-GGUKR,5
5405-ZMYXQ,6
5406-KGRMX,1
5414-OFQCB,1
5419-JKZNQ,4
5423-BHIXO,3
5424-RLQLC,4
5429-LWCMV,7
5433-KYGHE,3
5438-QMDDL,3
5439-WIKXB,5
5440-VHLUL,3
5442-BHQNG,7
5442-BXVND,1
5442-PPTJY,1
5443-SCMKX,3
5445-GLVOT,4
5446-DKWYW,1
5447-VYTKW,2
5447-WZAFP,3
5448-VWNAM,2
5451-MHQOF,1
5451-YHYPW,1
5453-AXEPF,5
5453-YBTWV,1
5456-ITGIC,1
5457-COLHT,1
5461-QKNTN,5
5465-BUBFA,1
5468-BPMMO,2
5469-NUJUR,1
5472-CVMDX,1
5473-KHBPS,1
5474-LAMUQ,1
5478-JJVZK,2
5480-XTFFL,1
5481-NTDOH,3
5482-VXSXJ,5
5485-ITNPC,1
5494-WOZRZ,1
5495-GPSRW,1
5498-IBWPI,1
5499-ECUTN,1
5501-TVMGM,6
5504-WSIUR,1
5505-OVWQW,1
5512-IDZEI,1
5514-YQENT,1
5515-RUGKN,4
5519-TEEUH,1
5522-JBWMO,4
5522-NYKPB,2
5524-KHNJP,1
5527-ACHSO,5
5529-GIBVH,1
5533-NHFRF,5
5533-RJFTJ,3
5537-UXXVS,2
5539-HIVAK,1
5542-DHSXL,4
5542-NKVRU,1
5542-TBBWB,9
5543-QDCRY,5
5546-BYZSM,2
5546-QUERU,1
5549-ZGHFB,1
5553-AOINX,1
5555-RNPGT,1
5562-BETPV,1
5562-YJQGT,2
5566-SOEZD,1
5567-GZKQY,1
5568-DMXZS,4
5569-IDSEY,2
5574-NXZIU,2
5575-GNVDE,1
5575-TPIZQ,4
5578-NKCXI,1
5583-EJXRD,1
5590-ZSKRV,3
5593-SUAOO,1
5598-IKHQQ,1
5599-HVLTW,6
5600-KTXFM,4
5600-PDUJF,5
5602-BVFMK,1
5605-IYGFG,6
5605-XNWEN,1
5606-AMZBO,6
5609-IMCGG,6
5614-DNZCE,1
5619-PTMIK,3
5619-XZZKR,1
5622-UEJFI,1
5624-RYAMH,2
5626-MGTUK,5
5627-TVBPP,1
5628-FCGYG,6
5628-RKIFK,4
5630-AHZIL,3
5630-IXDXV,5
5639-NTUPK,2
5640-CAXOA,2
5641-DMBFJ,1
5642-MHDQT,1
5647-FXOTP,5
5647-URDKA,1
5649-RXQTV,6
5650-YLIBA,6
5651-CPDND,4
5651-CRHKQ,1
5651-WYIPH,3
5651-YLPRD,2
5652-MSDEY,6
5656-JAMLX,1
5656-MJEFC,1
5663-QBGIS,1
5666-CYCYZ,6
5666-MBJPT,1
5668-MEISB,1
5671-RQRLP,1
5671-UUNXD,4
5676-CFLYY,1
5678-VFNEQ,2
5680-LQOGP,1
5681-LLOEI,1
5684-FJVYR,1
5686-CMAWK,2
5692-ICXLW,6
5693-PIPCS,2
5696-CEIQJ,1
5696-EXCYS,1
5696-JVVQY,1
5697-GOMBF,2
5699-BNCAS,1
5701-GUXDC,1
5701-SVCWR,3
5701-YVSVF,7
5701-ZIKJE,4
5702-KVQRD,1
5702-SKUOB,2
5707-ZMDJP,1
5709-LVOEQ,3
5712-AHQNN,4
5712-VBOXD,3
5716-EZXZN,2
5716-LIBJC,2
5724-BIDBU,2
5726-CVNYA,1
5727-MYATE,1
5730-DBDSI,1
5730-RIITO,3
5732-IKGQH,3
5734-EJKXG,3
5736-YEJAX,1
5740-YHGTW,2
5743-KHMNA,1
5751-USDBL,1
5753-QQWPW,2
5756-JYOJT,2
5756-OZRIO,1
5760-FXFVO,7
5760-IFJOZ,5
5760-WRAHC,3
5762-TJXGK,1
5766-FTRTS,1
5774-QPLTF,1
5774-XZTQC,2
5777-KJIRB,2
5777-ZPQNC,1
5778-BVOFB,4
5780-INQIK,4
5781-BKHOP,1
5781-RFZRP,1
5787-KXGIY,1
5788-YPOEG,1
5789-LDFXO,1
5791-KAJFD,1
5792-JALQC,1
5793-YOLJN,1
5795-BKOYE,1
5795-KTGUD,2
5799-JRCZO,1
5802-ADBRC,3
5803-NQJZO,1
5804-HYIEZ,2
5804-JMYIO,1
5808-TOTXO,1
5811-IWXYM,1
5815-HGGHV,2
5816-JMLGY,1
5816-QVHRX,4
5816-SCGFC,4
5820-PTRYM,1
5821-MMEIL,1
5825-XJOCM,1
5827-MWCZK,2
5828-DWPIL,3
5829-NVSQN,2
5832-EXGTT,2
5832-TRLPB,2
5837-LXSDN,1
5839-SUYVZ,5
5840-NVDCG,1
5843-TTHGI,3
5844-QVTAT,2
5845-BZZIB,1
5846-ABOBJ,1
5846-NEQVZ,1
5846-QFDFI,2
5847-MXBEO,1
5848-FHRFC,1
5849-ASHZJ,1
5850-BDWCY,2
5854-KSRBJ,1
5855-EIBDE,2
5857-TYBCJ,5
5857-XRECV,1
5858-EAFCZ,5
5859-HZYLF,1
5862-BRIXZ,1
5863-OOKCL,2
5868-YTYKS,3
5871-DGTXZ,1
5872-OEQNH,2
5876-QMYLD,1
5879-HMFFH,1
5879-SESNB,6
5882-CMAZQ,3
5884-FBCTL,1
5886-VLQVU,5
5887-IKKYO,1
5893-KCLGT,1
5893-PYOLZ,1
5895-QSXOD,5
5897-ZYEKH,3
5898-IGSLP,2
5899-OUVKV,5
5902-WBLSE,1
5906-BFOZT,4
5906-DVAPM,1
5913-INRQV,2
5914-GXMDA,1
5914-XRFQB,1
5915-ANOEI,1
5915-DGNVC,2
5916-QEWPT,5
5917-HBSDW,1
5917-RYRMG,1
5918-VUKWP,1
5919-VCZYM,2
5921-NGYRH,3
5924-IFQTT,3
5924-SNGKP,1
5928-QLDHB,7
5930-GBIWP,1
5934-RMPOV,2
5934-TSSAU,2
5935-FCCNB,6
5937-EORGB,8
5939-SXWHM,1
5939-XAIXZ,3
5944-UGLLK,1
5945-AZYHT,3
5947-SGKCL,3
5948-UJZLF,4
5949-HGVJL,4
5950-AAAGJ,4
5951-AOFIH,3
5954-BDFSG,2
5955-EPOAZ,2
5956-YHHRX,6
5960-MVTUK,6
5961-VUSRV,1
5965-GGPRW,1
5966-EMAZU,3
5968-HYJRZ,1
5968-VXZLG,6
5968-XQIVE,2
5970-GHJAW,1
5973-EJGDP,4
5975-BAICR,1
5977-CKHON,2
5980-BDHPY,1
5981-ZVXOT,4
5982-FPVQN,2
5982-PSMKW,1
5982-XMDEX,1
5985-BEHZK,2
5985-TBABQ,1
5986-WWXDV,1
5989-AXPUC,1
5989-OMNJE,2
5989-PGKJB,7
5993-BQHEA,1
5993-JSUWV,1
5995-LFTLE,1
5995-SNNEW,6
5995-WWKKG,1
5996-DAOQL,4
5996-EBTKM,1
5996-NRVXR,2
5997-OPVFA,1
5998-DZLYR,2
5999-LCXAO,5
6000-UKLWI,1
6007-TCTST,1
6008-NAIXK,2
6010-DDPPW,1
6013-BHCAW,1
6016-LVTJQ,1
6016-NXBNJ,1
6022-KOUQO,4
6023-GSSXW,1
6024-RUGGH,1
6029-CSMJE,3
6030-REHUX,5
6034-YMTOB,6
6035-BXTTY,2
6035-RIIOM,2
6036-TTFYU,2
6040-CGACY,2
6047-SUHPR,1
6048-NJXHX,1
6048-QBXKL,5
6048-UWKAL,2
6050-FFXES,2
6050-IJRHS,1
6051-PTVNS,1
6060-QBMGV,1
6061-GWWAV,1
6061-PQHMK,1
6064-PUPMC,1
6064-ZATLR,1
6067-NGCEU,3
6072-NUQCB,1
6075-QMNRR,3
6075-SLNIL,4
6077-BDPXA,7
6078-VESFR,5
6080-LNESI,1
6080-TCMYC,2
6082-GLJIX,2
6082-OQFBA,1
6087-YPWHO,1
6088-BXMRG,3
6092-QZVPP,4
6094-ZIVKX,1
6096-EGVTU,1
6100-FJZDG,1
6103-BOCOU,6
6103-LIANB,1
6103-QCKFX,1
6112-KTHFQ,2
6114-TCFID,1
6115-ZTBFQ,1
6116-RFVHN,7
6119-SPUDB,1
6120-RJKLU,1
6121-TNHBO,2
6122-EFVKN,1
6122-LJADA,1
6124-ACRHJ,3
6127-IYJOZ,6
6128-AQBMT,3
6128-DAFVY,3
6131-FOYAS,3
6131-IUNXN,1
6131-JLWZM,2
6133-OZILE,4
6134-KWTBV,1
6135-OZQVA,4
6137-MFAJN,3
6137-NICCO,4
6139-ZZRBQ,1
6143-JQKEA,4
6145-NNPNO,5
6147-CBCRA,1
6152-ONASV,1
6156-UZDLF,2
6158-HDPXZ,5
6161-ERDGD,1
6164-HAQTX,1
6164-HXUGH,2
6166-YIPFO,1
6168-YBYNP,4
6169-PGNCD,1
6169-PPETC,1
6171-ZTVYB,2
6173-GOLSU,4
6174-NRBTZ,1
6175-IRFIT,6
6176-YJWAS,1
6177-PEVRA,1
6180-YBIQI,4
6181-AXXYF,1
6184-DYUOB,3
6185-TASNN,6
6188-UXBBR,1
6194-HBGQN,2
6195-MELTI,2
6196-HBOBZ,2
6198-PNNSZ,3
6198-RTPMF,5
6198-ZFIOJ,7
6199-IPCAO,1
6199-IWKGC,3
6202-DYYFX,2
6202-JVYEU,1
6203-HBZPA,1
6211-WHMYA,3
6211-WWLTF,2
6212-ATMLK,6
6215-NQCPY,8
6217-KDYWC,1
6217-TOWGS,4
6218-KNUBD,4
6223-DHJGV,1
6227-FBDXH,2
6229-LSCKB,8
6229-UOLQL,1
6231-WFGFH,2
6233-HXJMX,4
6234-PFPXL,4
6234-RAAPL,1
6242-FEGFD,1
6242-MBHPK,6
6242-SGYTS,1
6243-OZGFH,4
6244-BESBM,1
6248-BSHKG,1
6248-TKCQV,1
6250-CGGUN,2
6252-DFGTK,1
6253-GNHWH,1
6253-WRFHY,1
6257-DTAYD,1
6257-RJOHI,5
6258-NGCNG,2
6258-PVZWJ,1
6259-WJQLC,5
6260-ONULR,6
6260-XLACS,1
6261-LHRTG,3
6265-FRMTQ,1
6265-SXWBU,1
6266-QHOJZ,2
6267-DCFFZ,6
6278-FEPBZ,2
6281-FKEWS,2
6283-GITPX,1
6284-KMNUF,3
6285-FTQBF,1
6286-SUUWT,4
6286-ZHAOK,1
6288-CHQJB,1
6288-LBEAR,5
6292-TOSSS,1
6295-OSINB,2
6296-DDOOR,2
6297-NOOPG,2
6300-BWMJX,4
6303-KFWSL,2
6308-CQRBU,1
6319-QSUSR,1
6322-HRPFA,1
6322-PJJDJ,2
6332-FBZRI,1
6333-YDVLT,3
6339-DKLMK,5
6339-RZCBJ,1
6339-TBELP,1
6339-YPSAH,6
6340-DACFT,1
6341-AEVKX,3
6341-JVQGF,2
6344-SFJVH,3
6345-FZOQH,1
6345-HOVES,3
6348-SNFUS,1
6349-JDHQP,1
6350-XFYGW,8
6351-SCJKT,4
6352-GIGGQ,1
6353-BRMMA,2
6357-JJPQT,8
6360-SVNWV,4
6362-QHAFM,4
6365-HITVU,1
6366-XIVKZ,3
6368-NWMCE,2
6368-TZZDT,1
6369-MCAKO,1
6370-ZVHDV,1
6371-NZYEG,1
6374-AFWOX,1
6374-NTQLP,1
6377-KSLXC,2
6377-WHAOX,4
6380-ARCEH,4
6383-ZTSIW,2
6384-VMJHP,1
6388-TABGU,1
6394-HHHZM,2
6402-EJMWF,4
6402-SSEJG,2
6407-GSJNL,1
6407-UTSLV,8
6408-OTUBZ,3
6408-WHTEF,1
6416-JNVRK,1
6416-YJTTB,6
6418-HNFED,1
6418-PIQSP,1
6419-ZTTLE,1
6421-SZVEM,1
6425-JWTDV,1
6427-FEFIG,1
6429-SHBCB,3
6434-TTGJP,1
6435-SRWBJ,8
6435-VWCCY,1
6437-UDQJM,1
6439-LAJXL,4
6439-PKTRR,1
6440-DKQGE,1
6445-TNRXS,1
6447-EGDIV,1
6447-GORXK,2
6458-CYIDZ,6
6461-PPAXN,2
6461-SZMCV,1
6463-HHXJR,1
6463-MVYRY,1
6464-KEXXH,4
6465-GSRCL,1
6469-MRVET,2
6469-QJKZW,3
6473-ULUHT,2
6475-VHUIZ,3
6476-EPYZR,2
6476-YHMGA,2
6478-HRRCZ,1
6479-OAUSD,1
6479-SZPLM,1
6479-VDGRK,1
6480-YAGIY,2
6481-ESCNL,4
6481-LXPWL,1
6483-OATDN,3
6484-LATFU,1
6485-QXWWE,1
6486-LHTMA,3
6490-FGZAT,2
6496-JDSSB,7
6497-TILVL,3
6500-JVEGC,2
6502-KUGLL,2
6504-VBLFL,1
6505-OZNPG,2
6506-EYCNH,1
6507-DTJZV,2
6507-ZJSUR,6
6508-NJYRO,1
6509-TSGWN,1
6510-UPNKS,1
6516-NKQBO,1
6518-KZXCB,1
6518-PPLMZ,1
6519-CFDBX,6
6519-ZHPXP,1
6522-OIQSX,1
6522-YRBXD,5
6527-PZFPV,1
6537-OTKMY,2
6537-QLGEX,5
6538-POCHL,4
6542-LWGXJ,4
6543-JXSOO,2
6546-OPBBH,1
6549-BTYPG,1
6549-NNDYT,4
6549-YMFAW,2
6551-GNYDG,3
6551-VLJMV,1
6551-ZCOTS,1
6556-DBKZF,1
6557-BZXLQ,5
6559-PDZLR,7
6559-RAKOZ,1
6563-VNPMN,4
6563-VRERX,1
6568-POCUI,2
6569-KTMDU,3
6572-ADKRS,3
6574-MCOEH,1
6575-SUVOI,3
6576-FBXOJ,2
6578-KRMAW,4
6579-JPICP,4
6582-OIVSP,5
6582-PLFUU,1
6583-KQJLK,7
6583-SZVGP,3
6584-VQMYT,1
6585-WCEWR,1
6586-MYGKD,1
6586-PSJOX,1
6591-QGOYB,5
6598-KELSS,1
6599-GZWCM,3
6599-SFQVE,5
6603-QWSPR,2
6603-YRDCJ,1
6609-MXJHJ,1
6614-FHDBO,2
6614-VBEGU,3
6614-YOLAC,1
6614-YWYSC,1
6616-AALSR,1
6617-WLBQC,1
6619-RPLQZ,1
6620-HVDUJ,2
6620-JDYNW,3
6621-NRZAK,1
6621-YOBKI,2
6624-JDRDS,4
6625-FLENO,1
6625-IUTTT,1
6625-UTXEW,4
6627-CFOSN,5
6629-LADHQ,4
6630-UJZMY,8
6631-HMANX,1
6633-SYEUS,3
6635-CPNUN,4
6637-KYRCV,4
6645-MXQJT,4
6646-JPPHA,5
6647-ZEDXT,3
6648-INWPS,2
6650-BWFRT,1
6650-VJONK,6
6651-RLGGM,1
6652-YFFJO,4
6654-QGBZZ,4
6655-LHBYW,2
6656-GULJQ,1
6656-JWRQX,5
6661-EIPZC,2
6663-JOCQO,2
6668-CNMFP,1
6670-MFRPK,1
6671-NGWON,2
6674-KVJHG,1
6681-ZSEXG,1
6682-VCIXC,2
6685-GBWJZ,1
6685-XSHHU,1
6689-VRRTK,3
6691-CCIHA,1
6692-YQHXC,5
6693-DJWTY,1
6693-FRIRW,5
6695-AMZUF,1
6695-FRVEC,1
6696-YDAYZ,1
6698-OXETB,1
6701-DHKWQ,1
6701-YVNQG,1
6704-UTUKK,3
6705-LNMDD,2
6705-LXORM,6
6710-HSJRD,3
6713-OKOMC,3
6718-BDGHG,1
6719-FGEDO,1
6719-OXYBR,6
6723-CEGQI,1
6723-WSNTY,3
6725-TPKJO,1
6726-NNFWD,1
6726-WEXXK,3
6727-IOTLZ,2
6728-CZFEI,2
6728-DKUCO,3
6728-VOIFY,3
6728-WYQBC,3
6729-FZWSY,1
6729-GDNGC,3
6732-FZUGP,2
6732-VAILE,1
6733-LRIZX,3
6734-CKRSM,2
6734-FQAJX,2
6734-GMPVK,6
6734-JDTTV,1
6734-PSBAW,1
6736-DHUQI,1
6738-ISCBM,2
6741-EGCBI,5
6741-QRLUP,1
6743-HHQPF,3
6745-JEFZB,5
6746-WAUWT,1
6749-UTDVX,2
6752-APNJL,2
6754-LZUKA,1
6754-WKSHP,1
6762-NSODU,1
6762-QVYJO,1
6765-MBQNU,1
6766-HFKLA,2
6770-UAYGJ,1
6772-WFQRD,1
6773-LQTVT,2
6778-EICRF,1
6778-JFCMK,2
6778-YSNIH,6
6784-XYJAE,1
6786-OBWQR,4
6789-HJBWG,5
6791-YBNAK,2
6794-HKIAJ,3
6797-UCJHZ,2
6806-YDEUL,2
6807-SIWJI,4
6810-VCAEX,1
6813-GZQCG,1
6814-ZPWFQ,1
6815-ABQFQ,4
6817-WTYHE,5
6818-DJXAA,3
6821-JPCDC,3
6823-SIDFQ,1
6827-IEAUQ,1
6828-HMKWP,1
6833-JMZYP,6
6837-BJYDQ,1
6837-HAEVO,1
6838-HVLXG,2
6838-YAUVY,2
6840-RESVB,1
6844-DZKRF,5
6847-KJLTS,5
6848-HJTXY,1
6848-YLDFR,1
6851-WEFYX,7
6854-EXGSF,3
6855-VLGOS,1
6856-RAURS,7
6857-TKDJV,1
6859-QNXIQ,1
6859-RKMZJ,3
6860-YRJZP,6
6862-CQUMB,5
6865-JZNKO,3
6867-ACCZI,1
6869-FGJJC,1
6870-ECSHE,1
6870-ZWMNX,1
6872-HXFNF,1
6873-UDNLD,3
6874-SGLHU,2
6878-GGDWG,1
6885-PKOAM,1
6888-SBYAI,6
6890-PFRQX,3
6891-JPYFF,2
6892-BOGQE,1
6893-ODYYE,2
6896-SRVYQ,4
6897-RWMUB,1
6897-UUBNU,4
6898-MDLZW,4
6898-RBTLU,1
6900-RBKER,1
6901-GOGZG,1
6904-JLBGY,1
6906-MPARY,2
6907-CQGPN,3
6907-FLBER,6
6908-VVYHM,4
6916-HIJSE,1
6917-FIJHC,1
6917-IAYHD,4
6917-YACBP,4
6918-UMQCG,7
6919-ELBGL,1
6921-OZMFH,4
6922-NCEDI,1
6923-AQONU,1
6923-JHPMP,8
6924-TDGMT,1
6925-BAYGL,1
6928-ONTRW,1
6933-FHBZC,2
6933-VLYFX,1
6937-GCDGQ,1
6941-KXRRV,1
6942-LBFDP,3
6950-TWMYB,1
6952-OMNWB,3
6953-PBDIN,1
6954-OOYZZ,3
6959-GQEGV,4
6961-MJKBO,1
6963-EZQEE,1
6963-KQYQB,1
6967-PEJLL,1
6967-QIQRV,2
6968-GMKPR,4
6968-MHOMU,1
6968-URWQU,2
6969-MVBAI,7
6972-SNKKW,2
6974-DAFLI,1
6976-BWGLQ,1
6979-TNDEU,2
6980-CDGFC,1
6980-IMXXE,1
6981-TDRFT,1
6985-HAYWX,4
6986-IXNDM,7
6988-CJEYV,5
6992-TKNYO,1
6993-YCOBK,1
6993-YGFJV,2
6994-FGRHH,1
6994-KERXL,5
6994-ORCWG,2
6997-UVGOX,1
6999-CHVCF,2
7005-CYUIL,2
7008-LZVOZ,1
7009-LGECI,5
7009-PCARS,1
7010-BRBUU,1
7010-ZMVBF,1
7011-CVEUC,5
7013-PSXHK,2
7014-ZZXAW,1
7016-NVRIC,1
7017-VFHAY,1
7017-VFULY,2
7018-FPXHH,1
7018-WBJNK,3
7020-OZKXZ,5
7021-XSNYE,1
7025-IWFHT,2
7025-WCBNE,1
7026-YMSBE,1
7029-IJEJK,1
7030-FZTFM,1
7030-NJVDP,5
7032-LMBHI,1
7033-CLAMM,1
7036-TYDEC,2
7036-ZZKBD,3
7037-MTYVW,1
7041-TXQJH,3
7044-YAACC,7
7047-FWEYA,4
7047-YXDMZ,1
7048-GXDAY,6
7049-GKVZY,2
7054-DMVAS,1
7054-ENNGU,4
7055-HNEOJ,5
7055-JCGNI,2
7061-OVMIM,1
7064-FRRSW,3
7064-JHXCE,1
7072-MBHEV,3
7073-QETQY,1
7074-STDCN,4
7075-BNDVQ,4
7077-XJMET,6
7078-NVFAM,2
7080-TNUWP,2
7083-MIOPC,1
7088-FBAWU,2
7089-RKVSZ,1
7089-XXAYG,2
7094-MSZAO,2
7096-UCLNH,4
7096-ZNBZI,1
7100-FQPRV,2
7101-HRBLJ,1
7102-JJVTX,2
7103-IPXPJ,2
7103-ZGVNT,1
7105-BENQF,1
7105-MXJLL,1
7107-UBYKY,1
7108-DGVUU,1
7109-CQYUZ,1
7109-MFBYV,3
7110-BDTWG,1
7113-HIPFI,1
7114-AEOZE,1
7115-IRDHS,1
7123-WQUHX,2
7126-RBHSD,5
7128-GGCNO,3
7129-ACFOG,5
7129-AZJDE,1
7129-CAKJW,4
7130-CTCUS,4
7130-YXBRO,4
7131-ZQZNK,1
7134-HBPBS,2
7134-MJPDY,2
7136-IHZJA,2
7137-NAXML,1
7138-GIRSH,1
7139-JZFVG,1
7140-ADSMJ,2
7143-BQIBA,3
7145-FEJWU,3
7147-AYBAA,4
7148-XZPHA,2
7153-CHRBV,1
7156-MXBJE,2
7157-SMCFK,1
7159-FVYPK,3
7159-NOKYQ,2
7161-DFHUF,1
7162-WPHPM,1
7163-OCEQI,1
7164-BPTUT,1
7167-PCEYD,1
7168-HDQHG,1
7169-YWAMK,1
7173-TETGO,1
7175-NTIXE,4
7176-WIONM,4
7176-WRTNX,2
7181-OQCUT,4
7182-OVLBJ,1
7184-LRUUR,1
7188-CBBBA,3
7190-XHTWJ,1
7191-ADRGF,1
7196-LIWRH,1
7197-VOJMM,1
7203-OYKCT,3
7205-BAIAD,1
7206-PQBBZ,6
7208-PSIHR,2
7216-KAOID,1
7217-JYHOQ,2
7219-TLZHO,2
7225-CBZPL,6
7225-IILWY,1
7228-PAQPD,2
7233-DRTRF,4
7233-IOQNP,2
7233-PAHHL,1
7234-KMNRQ,2
7241-AJHFS,4
7242-EDTYC,1
7243-LCGGZ,4
7244-KXYZN,1
7244-QWYHG,1
7245-JMTTQ,4
7245-NIIWQ,7
7246-ZGQDF,4
7247-XOZPB,1
7251-LJBQN,3
7251-XFOIL,3
7252-NTGSS,5
7255-SSFBC,1
7266-GSSJX,2
7267-FRMJW,1
7268-IGMFD,4
7268-WNTCP,1
7269-JISCY,1
7271-AJDTL,3
7272-QDCKA,3
7274-CGTOD,1
7277-KAMWT,1
7277-OZCGZ,5
7278-CKDNC,6
7279-NMVJC,1
7284-BUYEC,4
7284-ZZLOH,1
7285-KLOTR,3
7291-CDTMJ,4
7293-LSCDV,1
7296-PIXQY,3
7297-DVYGA,1
7298-IZWLY,4
7299-GNVPL,2
7301-ABVAD,1
7302-ZHMHP,3
7305-ZWMAJ,1
7306-YDSOI,1
7310-EGVHZ,3
7311-MQJCH,1
7312-XSBAT,6
7315-WYOAW,6
7318-EIVKO,4
7319-VENRZ,3
7319-ZNRTR,1
7321-KKSDU,1
7321-VGNKU,7
7321-ZNSLA,1
7322-OCWHC,1
7325-ENZFI,2
7326-RIGQZ,4
7328-OWMOM,1
7328-ZJAJO,1
7336-RLLRH,2
7337-CINUD,1
7338-ERIVA,1
7339-POGZN,5
7340-KEFQE,1
7343-EOBEU,3
7346-MEDWM,4
7349-ALMUX,1
7351-KYHQH,4
7351-MHQVU,4
7353-YOWFP,1
7354-OIJLX,7
7356-AYNJP,1
7356-IWLFW,2
7359-WWYJV,1
7361-YPXFS,2
7363-QTBIW,7
7365-BVCJH,7
7369-TRPFD,1
7375-WMVMT,1
7379-FNIUJ,6
7382-DFJTU,3
7389-KBFIT,4
7392-YYPYJ,7
7394-LWLYN,7
7395-XWZOY,3
7396-VJUZB,3
7398-HPYZQ,1
7398-LXGYX,4
7398-SKNQZ,7
7399-QHBJS,1
7401-JIXNM,1
7401-RUBNK,4
7402-EYFXX,6
7402-PWYJJ,2
7404-JLKQG,4
7407-SUJIZ,1
7408-OFWXJ,1
7409-JURKQ,3
7410-OIEDU,6
7416-CKTEP,1
7421-ZLUPA,4
7422-WNBTY,5
7426-GSWPO,4
7426-RHZGU,7
7426-WEIJX,2
7427-AUFPY,1
7432-FFVAR,1
7435-ZNUYY,1
7439-DKZTW,9
7442-YGZFK,6
7445-WMRBW,2
7446-KQISO,1
7446-SFAOA,1
7446-YPODE,3
7449-HVPIV,1
7452-FOLON,1
7459-IMVYU,3
7460-ITWWP,5
7463-IFMQU,1
7465-ZZRVX,9
7469-LKBCI,1
7470-DYNOE,2
7471-MQPOS,1
7471-WNSUF,1
7472-EQOAV,1
7473-ZBDSN,1
7480-SPLEF,1
7483-IQWIB,2
7492-TAFJD,1
7493-GVFIO,1
7501-IWUNG,1
7501-VTYLJ,4
7502-BNYGS,3
7503-EPSZW,1
7503-MIOGA,1
7504-UWHNB,4
7508-DQAKK,1
7508-KBIMB,1
7508-SMHXL,5
7515-LODFU,1
7516-GMHUV,2
7517-LDMPS,7
7519-JTWQH,2
7520-HQWJU,1
7521-AFHAB,3
7521-YXVZY,2
7524-VRLPL,1
7526-IVLYU,3
7527-QNRUS,1
7529-ZDFXI,4
7531-GQHME,2
7537-CBQUZ,4
7537-RBWEA,6
7542-CYDDM,1
7544-ZVIKX,1
7550-WIQVA,1
7552-KEYGT,1
7554-AKDQF,4
7554-NEWDD,1
7558-IMLMT,1
7560-QJAVJ,1
7560-QRBXH,1
7562-UXTPG,6
7564-GHCVB,1
7566-DSRLQ,2
7567-ECMCM,4
7569-NMZYQ,1
7570-WELNY,1
7572-KPVKK,1
7576-ASEJU,2
7576-JMYWV,2
7577-SWIFR,9
7579-KKLOE,1
7581-EBBOU,1
7586-ZATGZ,6
7587-AOVVU,3
7590-VHVEG,7
7594-LZNWR,3
7595-EHCDL,2
7596-IIWYC,1
7596-LDUXP,3
7596-ZYWBB,1
7599-NTMDP,1
7601-DHFWZ,1
7601-GNDYK,1
7601-WFVZV,3
7602-DBTOU,1
7602-MVRMB,1
7605-BDWDC,1
7605-SNLQG,3
7606-BPHHN,1
7607-QKKTJ,1
7608-RGIRO,1
7609-NRNCA,1
7609-YBPXG,1
7610-TVOPG,3
7611-YKYTC,2
7617-EYGLW,3
7619-PLRLP,1
7621-VPNET,4
7622-FWGEW,1
7622-NXQZR,3
7623-HKYRK,2
7629-WFGLW,2
7629-WIXZF,2
7632-YUTXB,1
7633-MVPUY,1
7634-HLQJR,1
7634-WSWDB,3
7636-OWBPG,4
7636-PEPNS,1
7636-XUHWW,3
7639-LIAYI,1
7639-OPLNG,1
7641-TQFHN,1
7643-RCHXS,1
7644-OMVMY,1
7647-GYYKX,1
7649-PHJVR,1
7649-SIJJF,1
7654-YWJUF,1
7658-UYUQS,4
7661-CPURM,2
7663-CUXZB,2
7663-YJHSN,1
7663-ZTEGJ,2
7665-NKLAV,1
7665-VIGUD,1
7668-XCFYV,6
7669-LCRSD,3
7670-ZBPOQ,1
7672-VFMXZ,3
7673-BQGKU,1
7673-LPRNY,2
7674-YTAFD,2
7677-SJJJK,1
7682-AZNDK,2
7684-XSZIY,1
7688-AWMDX,1
7690-KPNCU,1
7691-KGKGP,1
7691-XVTZH,1
7693-QPEFS,3
7695-PKLCZ,1
7696-AMHOD,1
7696-CFTAT,1
7698-YFGEZ,4
7706-DZNKK,2
7706-YLMQA,1
7707-PYBBH,2
7710-JSYOA,1
7711-GQBZC,1
7711-YIJWC,1
7714-YXSMB,6
7717-BICXI,1
7718-RXDGG,4
7718-UPSKJ,3
7721-DVEKZ,3
7722-CVFXN,1
7722-VJRQD,1
7727-SHVZV,2
7729-JTEEC,4
7729-XBTWX,1
7730-CLDSV,1
7733-UDMTP,3
7740-BTPUX,3
7740-KKCXF,3
7742-MYPGI,3
7746-AWNQW,3
7746-QYVCO,2
7748-UMTRK,3
7750-EYXWZ,2
7753-USQYQ,2
7754-IXRMC,5
7758-UJWYS,1
7762-ONLJY,1
7764-BDPEE,2
7765-LWVVH,1
7766-CLTIC,4
7771-CFQRQ,1
7771-ZONAT,1
7776-QGYJC,2
7777-UNYHB,2
7779-ORAEL,1
7781-EWARA,1
7781-HVGMK,1
7785-RDVIG,2
7787-BNTZM,2
7789-CRUVC,3
7789-HKSBS,3
7794-JASDG,6
7795-CFOCW,1
7797-EJMDP,3
7798-JVXYM,6
7799-DSEWS,3
7799-LGRDP,1
7801-CEDNV,1
7801-KICAO,5
7803-XOCCZ,1
7808-DVWEP,2
7811-JIVPF,3
7813-TKCVO,1
7813-ZGGAW,6
7814-LEEVE,4
7815-PDTHL,1
7816-VGHTO,1
7817-OMJNA,1
7820-ZYGNY,2
7821-DPRQE,3
7823-JSOAG,7
7824-PANSQ,3
7826-VVKWT,1
7833-PKIHD,1
7838-LAZFO,2
7839-NUIAA,2
7841-FCRQD,2
7850-THJMU,1
7850-VWJUU,4
7852-LECYP,5
7853-OETYL,5
7853-WNZSY,3
7855-DIWPO,3
7856-GANIL,2
7858-GTZSP,8
7860-KSUGX,1
7860-UXCRM,1
7868-BGSZA,2
7868-TMWMZ,2
7869-ZYDST,3
7872-BAAZR,1
7872-RDDLZ,2
7873-CVMAW,1
7874-ECPQJ,2
7876-AEHIG,2
7876-BEUTG,5
7876-DNYAP,1
7878-JGDKK,4
7878-RTCZG,4
7879-CGSFV,3
7880-XSOJX,4
7883-ROJOC,3
7892-QVYKW,2
7895-VONWT,4
7898-PDWQE,1
7901-HXJVA,6
7901-IIDQV,1
7901-TBKJX,5
7905-NJMXS,4
7905-TVXTA,4
7909-FIOIY,2
7916-VCCPB,2
7919-ZODZZ,1
7921-BEPCI,1
7921-LMDFQ,2
7923-IYJWY,2
7924-GJZFI,4
7925-PNRGI,2
7926-IJOOU,3
7928-VJYAB,3
7929-DMBCV,5
7929-SKFGK,2
7940-UQQUG,1
7941-RCJOW,1
7945-HLKEA,1
7945-PRBVF,1
7950-XWOVN,3
7951-VRDVK,2
7952-OBOYL,6
7954-MLBUN,2
7956-XQWGU,2
7963-SHNDT,1
7964-VEXDG,2
7964-YESJC,2
7964-ZRKKG,1
7966-YOTQW,4
7967-HYCDE,6
7968-QUXNS,2
7969-FFOWG,1
7971-HLVXI,1
7973-DZRKH,1
7975-JMZNT,1
7975-TZMLR,4
7976-CICYS,3
7977-HXJKU,1
7978-DKUQH,5
7980-MHFLQ,1
7982-VCELR,4
7989-AWGEH,2
7989-VCQOH,2
7993-NQLJE,3
7994-UYIVZ,7
7994-XIRTR,1
7995-ZHHNZ,1
7996-BPXHY,1
7996-MHXLW,1
7997-EASSD,1
7998-WNZEM,1
7998-ZLXWN,2
8003-EWNDZ,3
8006-PYCSW,2
8007-YYPWD,1
8008-ESFLK,3
8008-OTEZX,1
8012-SOUDQ,5
8015-IHCGW,1
8016-NCFVO,4
8016-ZMGMO,1
8017-UVSZU,3
8022-BECSI,1
8023-QHAIO,3
8024-XNAFQ,2
8028-PNXHQ,1
8029-XYPWT,2
8033-ATFAS,2
8033-VCZGH,4
8034-RYTVV,2
8035-PWSEV,7
8039-ACLPL,1
8039-EQPIM,1
8040-MNRTF,7
8041-TMEID,2
8042-RNLKO,1
8043-PNYSD,1
8044-BGWPI,2
8046-DNVTL,1
8048-DSDFQ,4
8049-WJCLQ,3
8050-DVOJX,1
8050-WYBND,1
8050-XGRVL,1
8058-DMYRU,5
8059-UDZFY,2
8060-HIWJJ,1
8064-RAVOH,5
8065-BVEPF,5
8065-QBYTO,2
8067-NIOYM,1
8069-RHUXK,1
8069-YQQAJ,4
8070-AAWZP,2
8071-SBTRN,2
8075-GXIUB,1
8076-FEZKJ,1
8080-POTJR,2
8082-GHXOP,2
8084-OIVBS,1
8085-MSNLK,1
8087-LGYHQ,7
8089-UZWLX,1
8091-TTVAX,3
8092-NLTGF,1
8095-WANWK,4
8096-LOIST,3
8097-OMULG,1
8097-VBQTZ,3
8098-TDCBU,1
8099-MZPUJ,1
8100-HZZLJ,2
8100-PNJMH,1
8104-OSKWT,7
8106-GWQOK,1
8107-KNCIM,6
8107-RZLNV,2
8108-UXRQN,3
8109-YUOHE,1
8111-BKVDS,3
8118-TJAFG,4
8120-JDCAM,4
8123-QBNAZ,2
8124-NZVGJ,2
8125-QPFJD,1
8129-GMVGI,1
8132-YPVBX,6
8133-ANHHJ,3
8138-EALND,2
8143-ETQTI,1
8144-DGHXP,1
8146-QQKZH,1
8148-BPLZQ,3
8148-NLEGT,1
8148-WOCMK,1
8149-AIQCG,4
8150-QUDFX,2
8152-UOBNY,4
8152-VETUR,1
8158-WPEZG,5
8160-HOWOX,4
8161-QYMTT,8
8164-OCKUJ,1
8165-CBKXO,1
8165-ZJRNM,1
8166-ORCHU,3
8167-GJLRN,5
8169-SAEJD,1
8173-RXAYP,1
8174-LNWMW,1
8174-TBVCF,1
8180-AKMJV,6
8181-YHCMF,1
8184-WMOFI,1
8189-DUKMV,1
8189-HBVRW,4
8189-XRIKE,4
8190-ZTQFB,2
8191-XWSZG,1
8194-PEEBY,1
8197-BFWVU,1
8198-RKSZG,3
8200-KLNYW,2
8200-LGKSR,1
8201-AAXCB,2
8203-XJZRC,4
8204-TIFGJ,2
8204-YJCLA,1
8205-MQUGY,3
8205-VSLRB,1
8207-DMRVL,1
8207-VVMYB,1
8208-EUMTE,1
8212-CRQXP,4
8212-DJRCH,4
8213-TAZPM,1
8215-NGSPE,1
8216-AZUUZ,1
8217-QYOHV,4
8218-FFJDS,1
8219-VYBVI,1
8220-OCUFY,2
8221-EQDGL,2
8221-HVAYI,1
8224-DWCKX,6
8224-IVVPA,3
8224-KDLKN,1
8224-UAXBZ,2
8226-BXGES,1
8229-BUJHX,1
8229-MYEJZ,4
8231-BSWXX,1
8232-CTLKO,1
8232-UTFOZ,1
8234-GSZYK,1
8237-ULIXL,1
8241-JUIQO,1
8242-JSVBO,4
8242-PDSGJ,1
8242-SOQUO,8
8246-SHFGA,2
8249-THVEC,1
8250-ZNGGW,4
8259-DZLIZ,1
8259-NFJTV,3
8261-GWDBQ,2
8262-COGGB,4
8263-OKETD,3
8263-QMNTJ,2
8265-HKSOW,1
8266-VBFQL,8
8267-KFGYD,3
8268-YDIXR,2
8270-RKSAP,6
8272-ONJLV,3
8277-RVRSV,1
8285-ABVLB,1
8286-AFUYI,6
8292-FRFZQ,1
8292-ITGYJ,1
8294-UIMBA,2
8295-FHIVV,2
8295-KMENE,1
8309-IEYJD,8
8309-PPCED,2
8311-UEUAB,1
8313-AFGBW,1
8313-KTIHG,4
8313-NDOIA,6
8314-DPQHL,2
8314-HTWVE,1
8316-BBQAY,1
8317-BVKSO,3
8318-LCNBW,1
8319-QBEHW,1
8325-QRPZR,7
8327-WKMIE,1
8328-SKJNO,1
8329-GWVPJ,2
8329-UTMVM,3
8331-ZXFOE,1
8332-OSJDW,1
8336-TAVKX,1
8338-QIUNR,1
8344-WFMFH,3
8345-MVDYC,1
8347-GDTMP,1
8348-JLBUG,1
8350-NYMVI,2
8356-WUAOJ,7
8361-LBRDI,1
8374-UULRV,1
8375-KVTHK,3
8378-LKJAF,2
8380-MQINP,1
8383-SGHJU,1
8384-FZBJK,2
8387-UGUSU,2
8388-DMKAE,1
8388-FYNPZ,4
8390-FESFV,1
8393-JMVMB,3
8395-ETZKQ,1
8398-TBIYD,1
8400-WZICQ,2
8401-EMUWF,1
8402-EIVQS,2
8402-OOOHJ,1
8404-FYDIB,5
8404-GFGCZ,4
8404-VIOMB,1
8404-VLQFB,2
8405-IGQFX,1
8406-LNMHF,1
8409-WQJUX,1
8410-BGQXN,2
8413-YNHNV,1
8414-OOEEL,1
8417-GSODA,1
8421-WZOOW,2
8430-TWCBX,1
8433-WPJTV,1
8434-PNQZX,1
8434-VGEQQ,1
8439-LTUGF,2
8441-SHIPE,1
8445-DNBAE,5
8450-LUGUK,1
8450-UYIBU,4
8454-AATJP,1
8455-HIRAQ,4
8456-QDAVC,5
8457-XIGKN,2
8461-EFQYM,1
8464-EETCQ,1
8465-SBRXP,1
8466-PZBLH,1
8467-WYNSR,2
8468-EHYJA,5
8468-FZTOE,1
8469-SNFFH,2
8474-UMLNT,3
8480-PPONV,1
8486-AYEQH,6
8490-BXHEO,4
8495-LJDFO,4
8495-PRWFH,3
8496-DMZUK,1
8498-XXGWA,3
8499-BRXTD,1
8510-BBWMU,1
8510-TMWYB,1
8512-WIWYV,1
8513-OLYGY,1
8514-VZHEB,1
8532-UEFWH,1
8535-SFUTN,4
8540-ZQGEA,1
8541-QVFKM,6
8543-MSDMF,6
8544-GOQSH,6
8544-JNBOX,1
8547-NSBBO,5
8548-AWOFC,2
8550-XSXUQ,1
8552-OBVRU,2
8559-WNQZS,2
8561-NMTBD,1
8562-GHPPI,3
8563-OYMQY,4
8564-LDKFL,3
8565-HBFNN,3
8565-WUXZU,1
8566-YPRGL,4
8570-KLJYJ,1
8571-ZCMCX,1
8573-CGOCC,2
8573-JGCZW,1
8577-QSOCG,1
8582-KRHPJ,3
8584-KMVXD,6
8587-XYZSF,1
8590-OHDIW,1
8590-YFFQO,1
8591-NXRCV,4
8591-TKMZH,1
8592-PLTMQ,1
8595-SIZNC,1
8597-CTXVJ,1
8597-CWYHH,2
8605-ITULD,3
8606-CIQUL,1
8606-OEGQZ,1
8608-OZTLB,1
8610-ZIKJJ,1
8612-GXIDD,1
8617-ENBDS,6
8619-IJNDK,1
8620-RJPZN,4
8622-ZLFKO,8
8623-ULFNQ,3
8626-PTQGE,1
8626-XHBIE,1
8627-ZYGSZ,2
8628-MFKAX,1
8630-FJLIB,4
8630-QSGXK,1
8631-WUXGY,2
8631-XVRZL,1
8639-NHQEI,1
8644-XYTSV,3
8645-KOMJQ,1
8645-KWHJO,4
8646-JCOMS,1
8647-SDTWQ,2
8648-PFRMP,5
8652-YHIYU,1
8654-DHAOW,4
8659-HDIYE,3
8659-IOOPU,1
8660-BUETV,4
8661-BOYNW,1
8663-UPDGF,3
8668-KNZTI,1
8670-ERCJH,1
8670-MEFCP,1
8671-KKKOS,3
8672-OAUPW,1
8676-OOQEJ,5
8677-HDZEE,5
8679-LZBMD,2
8680-CGLTP,2
8681-ICONS,1
8687-BAFGU,7
8690-UPCZI,1
8690-ZVLCL,1
8695-ARGXZ,6
8695-WDYEA,5
8701-DGLVH,1
8705-DWKTI,4
8705-WZCYL,7
8706-HRADD,3
8707-HOEDG,1
8707-RMEZH,1
8709-KRDVL,7
8710-YGLWG,6
8711-LOBKY,1
8713-IGZSO,3
8714-CTZJW,7
8715-KKTFG,3
8717-VCTXJ,1
8720-RQSBJ,6
8722-PRFDV,1
8725-JEDFD,3
8727-JQFHV,1
8727-XDPUD,1
8728-SKJLR,5
8731-WBBMB,3
8734-DKSTZ,3
8734-FNWVH,2
8735-DCXNF,4
8735-IJJEG,4
8735-NBLWT,2
8735-SDUFN,1
8738-JOKAR,2
8739-QOTTN,3
8739-XNIKG,8
8741-LQOBK,2
8745-PVESG,1
8746-BFOAJ,1
8746-OQQRW,2
8747-UDCOI,1
8748-HFWBO,1
8749-CLJXC,4
8749-TZYEC,1
8750-QWZAJ,1
8751-EDEKA,3
8752-GHJFU,2
8752-IMQOS,1
8755-IWJHN,3
8755-OGKNA,1
8756-RDDLT,3
8757-TFHHJ,6
8760-ZRHKE,1
8763-KIAFH,1
8766-PAFNE,1
8769-KKTPH,2
8774-GSBUN,1
8775-ERLNB,7
8777-MBMTS,2
8777-PVYGU,2
8778-LMWTJ,6
8779-YIQQA,1
8780-IHCRN,1
8780-RSYYU,2
8780-YRMTT,1
8782-LKFPK,4
8782-NUUOL,2
8785-CJSHH,5
8788-DOXSU,1
8791-GFXLZ,4
8792-AOROI,1
8799-OXZMD,3
8800-JOOCF,3
8800-ZKRFW,2
8805-JNRAZ,4
8807-ARQET,4
8807-OPMBM,1
8809-XKHMD,1
8812-ZRHFP,1
8815-LMFLX,1
8818-DOPVL,6
8819-IMISP,6
8819-WFGGJ,1
8819-ZBYNA,3
8821-KVZKQ,1
8822-KNBHV,2
8823-RLPWL,2
8838-GPHZP,1
8845-LWKGE,1
8847-GEOOQ,3
8849-AYPTR,4
8849-PRIQJ,1
8851-RAGOV,3
8853-TZDGH,2
8857-CUPFQ,1
8859-AXJZP,1
8859-DZTGQ,1
8859-YSTWS,1
8865-TNMNX,2
8868-GAGIO,4
8869-LIHMK,2
8871-JLMHM,1
8873-GLDMH,6
8873-TMKGR,1
8874-EJNSR,1
8875-AKBYH,6
8878-RYUKI,3
8879-XUAHX,2
8879-ZKJOF,2
8882-TLVRW,1
8883-ANODQ,1
8883-GRDWQ,1
8884-FEEWR,1
8884-MRNSU,1
8885-QSQBX,5
8887-IPQNC,4
8894-JVDCV,2
8896-BQTTI,4
8896-RAZCR,1
8898-KASCD,1
8901-UPRHR,1
8902-ZEOVF,1
8903-WMRNW,6
8903-XEBGX,4
8904-OPDCK,2
8905-IAZPF,2
8908-NMQTX,1
8908-SLFCJ,1
8909-BOLNL,1
8910-ICHIU,2
8910-LEDAG,4
8915-NNTRC,1
8917-FAEMR,1
8917-SZTTJ,1
8920-NAVAY,3
8922-NPKBJ,1
8929-KSWIH,2
8930-XOTDP,2
8932-CZHRQ,1
8942-DBMHZ,2
8944-AILEF,2
8946-BFWSG,1
8947-YRTDV,1
8950-MTZNV,6
8952-WCVCD,3
8957-THMOA,1
8958-JPTRR,1
8961-QDZZJ,1
8963-JLGJT,3
8963-MQVYN,2
8966-KZXXA,1
8966-OIQHG,1
8966-SNIZF,1
8967-SZQAS,4
8969-PRHFK,1
8970-ANWXO,2
8974-OVACP,4
8975-SKGRX,2
8979-CAMGB,3
8980-WQFWL,3
8981-FJGLA,3
8982-NHAVY,3
8984-EYLLL,2
8984-HPEMB,2
8985-OOPOS,3
8990-YOZLV,1
8990-ZXLSU,5
8992-CEUEN,3
8992-OBVDG,2
8992-VONJD,3
8993-IZEUX,5
8996-ZROXE,2
8999-EXMNO,1
8999-XXGNS,2
8999-YPYBV,1
9000-PLFUZ,1
9003-CPATH,4
9013-AQORL,2
9018-PCIOK,1
9026-LHEVG,4
9027-TMATR,1
9027-YFHQJ,2
9028-LIHRP,1
9029-FEGVJ,4
9030-QGZNL,1
9031-ZVQPT,2
9036-CSKBW,3
9039-ZVJDC,3
9040-KZVWO,1
9046-DQMTP,1
9046-JBFWA,1
9050-IKDZA,6
9052-DHNKM,1
9052-VKDUW,3
9053-EJUNL,5
9054-FOWNV,2
9055-MOJJJ,1
9058-HRZSV,3
9058-MJLZC,6
9060-HJJRW,1
9065-ZCPQX,1
9066-QRSDU,1
9067-SQTNS,1
9067-YGSCA,1
9068-FHQHD,1
9068-VPWQQ,1
9069-LGEUL,3
9070-BCKQP,2
9073-ZZIAY,1
9074-KGVOX,2
9076-AXYIK,2
9079-LWTFD,4
9081-WWXKP,1
9084-OAYKL,1
9086-YJYXS,1
9087-EYCPR,1
9089-UOWJG,2
9091-WTUUY,1
9092-GDZKO,2
9093-FPDLG,7
9094-AZPHK,8
9097-ZUBYC,3
9099-FTUHS,3
9101-NTIXF,2
9102-OXKFY,1
9103-CXVOK,3
9107-UKCKY,2
9108-EJFJP,6
9108-EQPNQ,1
9110-HSGTV,1
9112-WSNPU,4
9114-AAFQH,2
9114-DPSIA,1
9114-VEPUF,2
9115-YQHGA,3
9121-PHQSR,6
9122-UMROB,4
9127-FHJBZ,1
9127-QRZMH,1
9128-CPXKI,2
9129-UXERG,5
9133-AYJZG,5
9134-WYRVP,2
9135-HSWOC,1
9135-MGVPY,1
9137-NOQKA,3
9137-UIYPG,2
9138-EFSMO,1
9139-TWBAS,1
9140-CZQZZ,1
9142-KZXOP,3
9142-XMYJH,1
9143-CANJF,2
9146-JRIOX,2
9150-HEPMB,2
9150-KPBJQ,1
9152-AMKAK,3
9153-BTBVV,1
9154-QDGTH,1
9163-GHAYE,4
9167-APMXZ,5
9168-INPSZ,5
9169-BSVIN,5
9170-ARBTB,1
9173-IVZVP,1
9174-IHETN,1
9178-JHUVJ,1
9184-GALIL,1
9194-GFVOI,1
9199-PWQVC,1
9200-NLNPD,1
9207-ZPANB,1
9208-OLGAQ,6
9209-NWPGU,1
9214-EKVXR,6
9220-CXRSC,1
9220-ZNKJI,1
9224-VTYID,1
9225-BZLNZ,1
9227-UAQFT,1
9227-YBAXE,1
9229-RQABD,1
9233-PSYHO,3
9236-NDUCW,1
9239-GZHZE,1
9242-TKFSV,1
9244-ZVAPM,5
9251-AWQGT,1
9251-WNSOD,2
9253-VIFJQ,1
9256-JTBNZ,2
9257-AZMTZ,1
9258-CNWAC,1
9261-WDCAF,4
9272-LSVYH,5
9274-UARKJ,6
9277-JOOMO,2
9278-VZKCD,4
9279-CJEOJ,5
9281-CEDRU,1
9281-OFDMF,4
9281-PKKZE,3
9286-BHDQG,1
9289-LBQVU,1
9290-SHCMB,8
9294-TDIPC,2
9297-EONCV,1
9297-FVVDH,1
9298-WGMRW,1
9308-ANMVE,2
9309-BZGNT,1
9313-CDOGY,1
9313-QOLTZ,1
9314-IJWSQ,3
9314-QDMDW,2
9323-HGFWY,3
9327-QSDED,4
9330-DHBFL,2
9330-VOFSZ,2
9332-GYWLO,3
9334-GWGOW,7
9337-SRRNI,1
9339-FIIJL,1
9342-VNIMQ,3
9347-AERRL,1
9348-ROUAI,1
9348-YVOMK,5
9350-VLHMB,1
9350-ZXYJC,1
9351-HXDMR,2
9351-LZYGF,2
9355-NPPFS,6
9356-AXGMP,4
9357-UJRUN,2
9359-JANWS,1
9359-UGBTK,1
9360-OMDZZ,6
9361-YNQWJ,1
9362-MWODR,1
9364-YKUVW,2
9365-CSLBQ,1
9365-SRSZE,4
9367-OIUXP,2
9367-TCUYN,2
9371-BITHB,1
9372-TXXPS,1
9373-WSLOY,3
9374-YOLBJ,3
9375-MHRRS,4
9385-EHGDO,1
9385-NXKDA,1
9386-LDCZR,2
9388-ZEYVT,1
9389-ACWBI,4
9391-DXGGG,1
9391-LMANN,1
9391-TTOYH,2
9391-YZEJW,2
9392-XBGTD,1
9396-ZSFLL,4
9397-TZSHA,1
9398-MMQTO,6
9402-CXWPL,2
9402-ORRAH,7
9402-ROUMJ,1
9405-GPBBG,2
9408-HRXRK,2
9411-TPQQV,2
9415-TPKRV,3
9415-ZNBSX,1
9418-RUKPH,1
9419-IPPBE,1
9424-CMPOG,1
9426-SXNHE,2
9430-NKQLY,1
9432-RUVSL,2
9432-VOFYX,5
9435-JMLSX,1
9441-QHEVC,3
9442-JTWDL,1
9443-JUBUO,1
9445-ZUEQE,2
9447-YPTBX,1
9450-TRJUU,4
9451-WLYRI,1
9453-PATOS,1
9467-ROOLM,1
9469-WEJBT,5
9470-RTWDV,1
9470-XCCEM,2
9470-YFUYI,1
9473-CBZOP,1
9475-NNDGC,2
9477-LGWQI,1
9479-HYNYL,1
9480-BQJEI,1
9481-IEBZY,3
9481-SFCQY,2
9481-WHGWY,1
9483-GCPWE,1
9488-FVZCC,1
9488-FYQAU,2
9489-DEDVP,1
9489-JMTTN,1
9489-UTFKA,3
9494-BDNNC,2
9494-MRNYX,6
9495-REDIY,1
9495-SKLKD,2
9496-IVVRP,2
9498-FIMXL,1
9499-XPZXM,1
9500-IWPXQ,1
9500-LTVBP,4
9500-WBGRP,1
9501-UKKNL,3
9503-XJUME,1
9504-DSHWM,2
9504-YAZWB,1
9505-SQFSW,3
9506-UXUSK,6
9507-HSMMZ,1
9508-ILZDG,6
9509-MPYOD,1
9512-PHSMG,2
9513-DXHDA,2
9518-IMLHK,3
9518-XXBXE,6
9522-BNTHX,3
9522-ZSINC,1
9529-OFXHY,6
9530-GRMJG,1
9531-NSBMR,1
9534-NSXEM,1
9537-JALFH,1
9537-VHDTA,4
9541-PWTWO,1
9541-ZPSEA,1
9544-PYPSJ,2
9546-KDTRB,2
9547-ITEFG,4
9548-LERKT,1
9548-LIGTA,1
9548-ZMVTX,1
9552-TGUZV,6
9553-DLCLU,2
9554-DFKIC,2
9555-SAHUZ,2
9558-IHEZX,2
9560-BBZXK,1
9565-AXSMR,1
9565-FLVCG,1
9570-KYEUA,2
9571-EDEBV,2
9572-WUKSB,6
9574-BOSMD,1
9575-IWCAZ,1
9576-SYUHJ,6
9577-WJVCQ,2
9578-FOMUK,2
9581-GVBXT,1
9584-EXCDZ,4
9585-KKMFD,1
9586-JGQKH,2
9588-OZDMQ,6
9588-YRFHY,1
9589-ABEPT,1
9591-YVTEB,3
9592-ERDKV,2
9593-CVZKR,1
9602-WCXPI,1
9603-OAIHC,9
9605-WGJVW,9
9609-BENEA,2
9610-WCESF,1
9617-INGJY,8
9617-UDPEU,1
9618-LFJRU,2
9619-GSATL,1
9620-ENEJV,6
9620-QJREV,1
9621-OUPYD,1
9624-EGDEQ,1
9625-QNLUX,1
9625-RZFUK,1
9626-VFRGG,1
9626-WEQRM,4
9629-NHXFW,3
9631-RXVJM,1
9631-XEYKE,5
9633-DENPU,3
9633-XQABV,7
9637-CDTKZ,1
9638-JIQYA,5
9639-BUJXT,1
9640-ZSLDC,1
9643-AVVWI,4
9643-YBLUR,4
9644-KVCNC,1
9644-UMGQA,3
9646-NMHXE,1
9648-BCHKM,1
9650-VBUOG,1
9659-QEQSY,4
9659-ZTWSM,3
9661-JALZV,1
9667-TKTVZ,5
9668-PUGNU,1
9670-BPNXF,1
9674-EHPPG,1
9675-ICXCT,1
9677-AVKED,1
9680-NIAUV,2
9681-KYGYB,4
9688-YGXVR,4
9691-HKOVS,2
9693-XMUOB,3
9695-IDRZR,1
9696-RMYBA,7
9699-UBQFS,5
9700-ISPUP,3
9700-ZCLOT,2
9701-CDXHR,3
9702-AIUJO,1
9705-IOVQQ,1
9705-ZJBCG,1
9708-HPXWZ,4
9708-KFDBY,3
9710-NJERN,1
9711-FJTBX,1
9714-EDSUC,6
9715-SBVSU,1
9715-WZCLW,1
9717-IOAAF,1
9717-QEBGU,7
9720-JJJOR,1
9730-DRTMJ,2
9732-EQMWY,5
9732-OUYRN,1
9738-QLWTP,2
9739-JLPQJ,1
9741-YLNTD,8
9742-XOKTS,1
9743-DQKQW,5
9746-MDMBK,1
9746-UGFAC,1
9746-YKGXB,1
9750-BOOHV,1
9752-ZNQUT,7
9753-OYLBX,4
9754-CLVZW,2
9755-JHNMN,1
9758-MFWGD,1
9761-XUJWD,4
9762-YAQAA,1
9763-GRSKD,3
9764-REAFF,1
9766-HGEDE,1
9767-FFLEM,3
9769-TSBZE,1
9770-KXGQU,2
9770-LXDBK,2
9773-PEQBZ,6
9774-NRNAU,4
9776-OJUZI,3
9777-IQHWP,1
9777-WJJPR,4
9778-OGKQZ,1
9779-DPNEJ,2
9780-FKVVF,4
9782-LGXMC,1
9786-IJYDL,2
9786-YWNHU,1
9788-HNGUT,1
9788-YTFGE,2
9793-WECQC,4
9795-NREXC,1
9795-SHUHB,1
9795-VOWON,2
9796-BPKIW,6
9796-MVYXX,1
9798-DRYDS,2
9798-OPFEM,1
9799-CAYJJ,7
9800-ONTFE,2
9800-OUIGR,1
9801-NOSHQ,1
9802-CAQUT,1
9803-FTJCG,1
9805-FILKB,1
9812-GHVRI,4
9814-AOUDH,1
9817-APLHW,2
9818-XQCUV,3
9819-FBNSV,4
9821-BESNZ,3
9822-BIIGN,2
9822-OAOVB,6
9822-WMWVG,5
9823-EALYC,1
9824-QCJPK,1
9825-YCXWZ,3
9828-QHFBK,3
9830-ECLEN,1
9833-TGFHX,2
9837-FWLCH,2
9838-BFCQT,1
9839-ETQOE,2
9840-EFJQB,7
9842-EFSYY,3
9844-FELAJ,1
9845-PEEKO,1
9845-QOMAD,1
9847-HNVGP,1
9848-JQJTX,1
9853-JFZDU,2
9860-LISIZ,1
9861-PDSZP,2
9862-KJTYK,2
9866-OCCKE,2
9867-JCZSP,1
9867-NNXLC,2
9867-XOBQA,1
9871-ELEYA,1
9873-MNDKV,4
9880-TDQAC,1
9881-VCZEP,3
9885-AIBVB,6
9885-MFVSU,1
9888-ZCUMM,1
9891-NQDBD,1
9894-QMIMJ,1
9895-VFOXH,5
9896-UYMIE,2
9903-LYSAB,5
9904-EHEVJ,2
9906-NHHVC,1
9909-DFRJA,2
9909-IDLEK,3
9912-OMZDS,1
9916-AYHTC,1
9917-KWRBE,2
9919-FZDED,1
9919-KNPOO,6
9919-YLNNG,4
9921-EZKBY,2
9921-QFQUL,4
9924-JPRMC,2
9926-PJHDQ,1
9927-DSWDF,5
9928-BZVLZ,1
9929-PLVPA,2
9931-DCEZH,1
9931-KGHOA,2
9932-WBWIK,2
9933-QRGTX,2
9938-EKRGF,5
9938-PRCVK,1
9938-TKDGL,1
9938-ZREHM,1
9943-VSZUV,4
9944-AEXBM,5
9945-PSVIP,1
9950-MTGYX,1
9953-ZMKSM,1
9955-QOPOY,1
9957-YODKZ,8
9958-MEKUC,1
9959-WOFKT,2
9962-BFPDU,3
9964-WBQDJ,1
9967-ATRFS,1
9968-FFVVH,1
9970-QBCDA,2
9971-ZWPBF,2
9972-EWRJS,1
9972-NKTFD,2
9972-VAFJJ,3
9974-JFBHQ,2
9975-GPKZU,1
9975-SKRNR,3
9978-HYCIN,1
9979-RGMZT,4
9987-LUTYD,2
9992-UJOEL,5
9993-LHIEB,1
9995-HOTOH,1
